146.4016,-37.5065,2021,9,21,5.8,12.72,23,15,52
146.38,-37.521,2021,9,21,2.7,10.57,23,21,54
146.3508,-37.4768,2021,9,21,2.8,10.44,23,22,3
146.4102,-37.5227,2021,9,21,2.4,4,23,23,39
146.3539,-37.4015,2021,9,21,3.1,12.85,23,24,42
146.3875,-37.5206,2021,9,21,3,11.39,23,26,5
146.405,-37.5106,2021,9,21,1.6,10.01,23,28,22
146.3539,-37.5214,2021,9,21,1.3,8,23,28,55
146.4242,-37.5073,2021,9,21,1,11.89,23,29,14
146.4115,-37.5837,2021,9,21,1.6,11.86,23,29,43
146.4055,-37.5106,2021,9,21,2,11.35,23,30,3
146.3861,-37.5229,2021,9,21,1.3,10,23,31,13
146.3421,-37.527,2021,9,21,1.6,11.35,23,31,26
146.3757,-37.499,2021,9,21,1.7,10.35,23,31,35
146.4203,-37.5061,2021,9,21,2.4,13.51,23,32,36
146.3313,-37.4848,2021,9,21,4.2,12.76,23,33,38
146.3901,-37.5419,2021,9,21,2.2,9.51,23,36,42
146.4068,-37.5187,2021,9,21,2.2,12.39,23,38,37
146.4001,-37.5079,2021,9,21,1.5,10,23,40,15
146.584,-37.4627,2021,9,21,1.5,9.32,23,40,43
146.3914,-37.4742,2021,9,21,1.7,11.18,23,41,53
146.3941,-37.5082,2021,9,21,1.4,10.18,23,43,58
146.3746,-37.5207,2021,9,21,1.1,9.1,23,44,12
146.3782,-37.54,2021,9,21,1,9.19,23,44,26
146.3729,-37.5415,2021,9,21,0.8,10.36,23,45,9
146.4135,-37.5291,2021,9,21,1.6,13.99,23,45,42
146.403,-37.4944,2021,9,21,1.6,9.91,23,46,10
146.3868,-37.5216,2021,9,21,1.7,9.54,23,46,21
146.4025,-37.4732,2021,9,21,1.4,9.58,23,46,35
146.4276,-37.5221,2021,9,21,1.8,12.82,23,47,18
146.3904,-37.4946,2021,9,21,2.7,11.67,23,47,28
146.4171,-37.6701,2021,9,21,1.2,10.99,23,49,27
146.4076,-37.5068,2021,9,21,1.4,6.65,23,49,35
146.4174,-37.5131,2021,9,21,1.6,10.14,23,50,41
146.4106,-37.4929,2021,9,21,1.7,6.08,23,50,56
146.3993,-37.5117,2021,9,21,1.1,10.82,23,52,11
146.3976,-37.5177,2021,9,21,1.8,16.88,23,52,37
146.3875,-37.524,2021,9,21,1.3,9.94,23,53,0
146.4516,-37.4993,2021,9,21,1.3,8.64,23,53,39
146.3889,-37.5422,2021,9,21,2.3,10,23,54,10
146.4002,-37.532,2021,9,21,3.3,12.34,23,54,18
146.4035,-37.5048,2021,9,21,1.2,5.05,23,57,5
146.4016,-37.5185,2021,9,21,1.4,10.15,23,58,18
146.3974,-37.4979,2021,9,22,1.5,8.92,0,1,45
146.3827,-37.4819,2021,9,22,1,8.74,0,3,54
146.3946,-37.4722,2021,9,22,1.2,9.78,0,5,24
146.3991,-37.5158,2021,9,22,1.7,8.65,0,6,14
146.418,-37.5059,2021,9,22,1.1,15.52,0,9,24
146.399,-37.5057,2021,9,22,1.4,10,0,9,39
146.3672,-37.4821,2021,9,22,0.8,11.31,0,10,47
146.2384,-37.4653,2021,9,22,1,10.41,0,13,22
146.3998,-37.4716,2021,9,22,1.6,5,0,14,29
146.399,-37.5139,2021,9,22,2.6,9.58,0,15,7
146.4001,-37.4979,2021,9,22,1.6,6.26,0,16,22
146.3264,-37.4983,2021,9,22,1,11.58,0,17,47
146.4024,-37.5069,2021,9,22,1,7.95,0,18,39
146.3966,-37.4626,2021,9,22,1.8,8.64,0,19,33
146.4061,-37.5113,2021,9,22,1.8,10.11,0,19,40
146.4036,-37.4986,2021,9,22,1.4,4.28,0,22,16
146.3979,-37.4636,2021,9,22,1.4,8.95,0,22,33
146.3922,-37.5272,2021,9,22,1.3,10,0,24,2
146.4026,-37.5146,2021,9,22,1.4,9.56,0,24,49
146.4165,-37.4865,2021,9,22,1.3,9.92,0,25,17
146.3899,-37.5057,2021,9,22,1,10.7,0,26,59
146.401,-37.4926,2021,9,22,1.5,9.58,0,27,23
146.3854,-37.4683,2021,9,22,1.6,5.02,0,27,52
146.3907,-37.4997,2021,9,22,0.7,10.9,0,31,24
146.378,-37.4795,2021,9,22,0.9,6.98,0,31,53
146.4043,-37.5191,2021,9,22,2,10.61,0,32,59
146.3945,-37.4834,2021,9,22,2,9.23,0,33,8
146.3982,-37.4982,2021,9,22,1.7,10.06,0,33,58
146.2408,-37.4556,2021,9,22,1.4,9.11,0,36,34
146.4046,-37.4816,2021,9,22,1.4,10.27,0,40,12
146.364,-37.5264,2021,9,22,1.1,4.44,0,43,54
146.3917,-37.4833,2021,9,22,0.9,8.48,0,45,55
146.4002,-37.4811,2021,9,22,1.1,6.92,0,46,39
146.4049,-37.5018,2021,9,22,1.1,9.42,0,48,29
146.3969,-37.5197,2021,9,22,2.5,14.84,0,51,32
146.3943,-37.4758,2021,9,22,2.5,7.94,0,51,44
146.3986,-37.5957,2021,9,22,1.3,10.19,0,55,53
146.4058,-37.512,2021,9,22,1.3,14.74,1,0,27
146.3932,-37.4934,2021,9,22,1.6,9.06,1,0,31
146.3699,-37.4998,2021,9,22,0.8,7.48,1,2,5
146.4267,-37.5098,2021,9,22,2.3,7.54,1,2,53
146.3567,-37.5284,2021,9,22,0.6,9.15,1,7,27
146.4562,-37.5517,2021,9,22,0.9,11.11,1,7,52
146.3981,-37.5072,2021,9,22,1.6,9.52,1,8,55
146.3991,-37.5079,2021,9,22,1.9,11.18,1,9,19
146.4141,-37.5028,2021,9,22,1.5,9.73,1,17,15
146.4073,-37.4882,2021,9,22,1.1,11.24,1,18,33
146.4276,-37.5187,2021,9,22,1.1,4.17,1,21,56
146.3947,-37.5002,2021,9,22,0.6,9.5,1,22,26
146.4238,-37.4918,2021,9,22,1,6.15,1,23,51
146.3848,-37.6488,2021,9,22,1.7,14.47,1,26,10
146.391,-37.4942,2021,9,22,1.1,11.8,1,28,15
146.3997,-37.4759,2021,9,22,2.3,10.23,1,30,37
146.4046,-37.4971,2021,9,22,0.7,10.27,1,35,23
146.4023,-37.4929,2021,9,22,0.7,4.57,1,38,27
146.3926,-37.467,2021,9,22,1.2,5,1,43,1
146.3817,-37.491,2021,9,22,0.9,8.87,1,43,51
146.4227,-37.5126,2021,9,22,0.7,11.51,1,44,45
146.4032,-37.5011,2021,9,22,0.7,10,1,47,44
146.4147,-37.4965,2021,9,22,0.8,9.45,1,47,58
146.4013,-37.4998,2021,9,22,1.8,11.49,1,50,53
146.4071,-37.5304,2021,9,22,1.5,9.42,1,51,16
146.4137,-37.5449,2021,9,22,1.5,9.07,1,51,25
146.3689,-37.5149,2021,9,22,1.5,9.81,1,51,57
146.4001,-37.4693,2021,9,22,0.9,9.42,1,55,29
146.403,-37.5204,2021,9,22,1.6,8.48,1,56,31
146.3898,-37.5013,2021,9,22,1.1,9.61,1,59,23
146.3835,-37.5254,2021,9,22,0.9,11.58,1,59,47
146.4138,-37.5181,2021,9,22,0.6,10,2,0,56
146.0231,-37.5301,2021,9,22,1.1,8.78,2,9,41
146.4033,-37.5037,2021,9,22,0.8,5.32,2,10,55
146.4203,-37.4651,2021,9,22,0.9,10,2,13,6
146.3541,-37.5177,2021,9,22,0.6,6.78,2,16,14
146.3794,-37.5171,2021,9,22,0.5,10.54,2,16,36
146.3926,-37.4944,2021,9,22,1.2,8.5,2,17,35
146.4025,-37.467,2021,9,22,1.3,8.55,2,17,53
146.4024,-37.4985,2021,9,22,1.6,5,2,19,6
146.3912,-37.5071,2021,9,22,1.5,10,2,32,53
146.421,-37.5053,2021,9,22,1.5,9.04,2,34,12
146.4227,-37.5125,2021,9,22,1.6,9.14,2,36,35
146.3917,-37.4785,2021,9,22,0.7,4.89,2,38,50
146.3722,-37.508,2021,9,22,0.6,9.38,2,39,37
146.4072,-37.4816,2021,9,22,1.2,9.62,2,40,53
146.3693,-37.4724,2021,9,22,1.1,5,2,42,32
146.4395,-37.4891,2021,9,22,1,5,2,43,4
146.3995,-37.5242,2021,9,22,0.8,9.08,2,45,9
146.4242,-37.4732,2021,9,22,1.1,8.46,2,46,13
146.3969,-37.4952,2021,9,22,1.4,11.02,2,48,8
146.4092,-37.5109,2021,9,22,1,10,2,51,20
146.4021,-37.5339,2021,9,22,1.6,9.11,2,52,0
146.39,-37.5333,2021,9,22,0.9,9.75,2,53,40
146.3833,-37.5111,2021,9,22,0.8,10.4,2,55,26
146.406,-37.5445,2021,9,22,0.7,7.44,3,2,26
146.4229,-37.72,2021,9,22,1.1,17.15,3,5,30
146.3629,-37.5286,2021,9,22,0.5,12.82,3,10,57
146.3087,-37.6901,2021,9,22,0.4,10,3,11,30
146.4118,-37.5258,2021,9,22,1.2,6.97,3,12,1
146.442,-37.518,2021,9,22,0.6,6.85,3,17,50
146.4007,-37.5361,2021,9,22,2.9,13.26,3,18,26
146.3885,-37.5052,2021,9,22,0.7,13.34,3,23,34
146.4315,-37.5047,2021,9,22,0.8,10.2,3,23,47
146.4153,-37.4958,2021,9,22,1,5,3,30,23
146.3498,-37.4857,2021,9,22,0.9,5,3,31,30
146.403,-37.4963,2021,9,22,0.5,10,3,33,0
146.4114,-37.5009,2021,9,22,0.6,10,3,33,7
146.4055,-37.51,2021,9,22,0.8,7.39,3,33,48
146.4033,-37.4915,2021,9,22,2.2,11.29,3,47,19
146.3918,-37.5274,2021,9,22,1.2,10,3,48,56
146.1638,-37.7213,2021,9,22,1.4,7.99,3,49,8
146.3552,-37.5107,2021,9,22,0.8,5,3,58,37
146.4008,-37.5122,2021,9,22,0.9,8.46,3,58,54
146.3757,-37.4945,2021,9,22,0.9,4.84,4,4,37
146.4016,-37.4797,2021,9,22,1.7,8,4,5,53
146.3782,-37.4601,2021,9,22,0.8,12.1,4,13,51
146.4106,-37.5011,2021,9,22,1.6,9.34,4,21,9
146.3843,-37.5274,2021,9,22,1.3,10,4,23,6
146.3771,-37.4985,2021,9,22,1.5,8.52,4,23,15
146.3724,-37.4808,2021,9,22,1,6.21,4,28,41
146.4046,-37.5003,2021,9,22,0.7,6.26,4,29,41
146.3997,-37.4794,2021,9,22,1.1,6,4,33,39
146.3953,-37.4875,2021,9,22,0.9,10.87,4,34,12
146.395,-37.4722,2021,9,22,0.9,10,4,36,13
146.3568,-37.5201,2021,9,22,0.6,10.16,4,43,10
146.4323,-37.4959,2021,9,22,0.8,9.75,4,43,41
146.4028,-37.5133,2021,9,22,1.2,8,4,46,58
146.399,-37.5208,2021,9,22,0.5,9.81,4,55,57
146.4136,-37.501,2021,9,22,1,9.86,5,4,41
146.342,-37.5034,2021,9,22,1.3,5,5,6,6
146.4099,-37.5202,2021,9,22,1.2,8.84,5,13,29
146.3953,-37.5236,2021,9,22,1,10,5,16,21
146.4341,-37.5271,2021,9,22,1.1,13.09,5,17,43
146.4186,-37.4934,2021,9,22,1.6,8.35,5,17,58
146.3735,-37.5164,2021,9,22,0.7,10.44,5,18,55
146.4442,-37.4644,2021,9,22,0.8,5.02,5,20,34
146.3809,-37.5108,2021,9,22,0.6,5.75,5,30,23
146.3664,-37.539,2021,9,22,0.3,16.82,5,44,11
146.3958,-37.4787,2021,9,22,1,7.66,5,45,25
146.4161,-37.5121,2021,9,22,0.5,9.52,5,45,58
146.4363,-37.5079,2021,9,22,0.9,4.67,5,52,11
146.4025,-37.5056,2021,9,22,0.7,6.01,5,58,15
146.4089,-37.5044,2021,9,22,1.4,10,6,0,0
146.4011,-37.4912,2021,9,22,1.2,5,6,1,5
146.3829,-37.5149,2021,9,22,1.1,9.23,6,1,17
146.421,-37.503,2021,9,22,0.9,4.35,6,5,33
146.4021,-37.5206,2021,9,22,0.7,9.47,6,17,37
146.3881,-37.4976,2021,9,22,0.7,12.71,6,24,49
146.4109,-37.4848,2021,9,22,0.6,12.5,6,27,6
146.1474,-37.4461,2021,9,22,0.9,9.67,6,35,47
146.4082,-37.5365,2021,9,22,1.6,11.22,6,37,56
146.4065,-37.4958,2021,9,22,0.7,8.47,6,41,22
146.3987,-37.4906,2021,9,22,1.9,10,6,45,37
146.3549,-37.5197,2021,9,22,0.7,9.74,6,51,31
146.4202,-37.473,2021,9,22,1.6,7.25,6,56,24
146.3901,-37.5191,2021,9,22,0.5,10,6,58,47
146.3947,-37.5074,2021,9,22,0.7,6.08,6,59,54
146.4306,-37.5555,2021,9,22,0.3,5,7,10,58
146.4061,-37.4955,2021,9,22,1.1,10.41,7,25,13
146.5316,-37.8658,2021,9,22,1.1,13.31,7,25,50
146.3889,-37.4878,2021,9,22,1.5,10.96,7,27,12
146.4055,-37.4978,2021,9,22,2.7,10.13,7,30,21
146.3992,-37.4641,2021,9,22,0.7,11.43,7,34,31
146.4033,-37.4833,2021,9,22,1.2,4,7,37,13
146.4005,-37.5038,2021,9,22,0.5,9.6,7,38,59
146.1633,-37.716,2021,9,22,0.5,9.56,7,40,23
146.4083,-37.5031,2021,9,22,2.1,10.45,7,41,19
146.3875,-37.5085,2021,9,22,0.6,9.07,7,45,25
146.3987,-37.4995,2021,9,22,0.6,7.76,7,47,29
146.3908,-37.4845,2021,9,22,0.9,10.14,7,53,11
146.395,-37.4729,2021,9,22,1.1,6.05,7,54,44
146.3904,-37.4942,2021,9,22,0.8,4.15,7,56,20
146.394,-37.4878,2021,9,22,1.2,4.88,7,57,3
146.3988,-37.5028,2021,9,22,3,11.84,8,0,14
146.4092,-37.5056,2021,9,22,0.6,7.42,8,2,59
146.4015,-37.4855,2021,9,22,1.9,6.76,8,4,21
146.3961,-37.4802,2021,9,22,2.2,6.7,8,6,10
146.4091,-37.5567,2021,9,22,0.6,11.79,8,21,1
146.4272,-37.5542,2021,9,22,0.5,10,8,27,41
146.3952,-37.4883,2021,9,22,1.2,8.73,8,32,7
146.3596,-37.4658,2021,9,22,0.4,6,8,33,46
146.4175,-37.5014,2021,9,22,1,9.9,8,41,43
146.4448,-37.6242,2021,9,22,0.9,13.57,8,43,35
146.3897,-37.5094,2021,9,22,0.6,5.84,8,49,30
146.4101,-37.5011,2021,9,22,0.6,9.08,8,49,52
146.3932,-37.5223,2021,9,22,0.6,9.6,8,51,8
146.3941,-37.4812,2021,9,22,0.9,4.3,8,53,41
146.411,-37.5212,2021,9,22,0.7,7.4,8,56,26
146.4009,-37.502,2021,9,22,1.2,7.97,8,59,51
146.4149,-37.4985,2021,9,22,0.6,3.27,9,1,25
146.3885,-37.4788,2021,9,22,0.8,4.33,9,6,7
146.3881,-37.5173,2021,9,22,0.9,5,9,19,13
146.4031,-37.5028,2021,9,22,0.9,7.95,9,24,21
146.3955,-37.4885,2021,9,22,0.9,8.23,9,28,9
146.4091,-37.4962,2021,9,22,0.8,8.35,9,31,19
146.3901,-37.4818,2021,9,22,0.7,4.78,9,36,33
146.4097,-37.5098,2021,9,22,0.6,8.59,9,38,2
146.4054,-37.4894,2021,9,22,1.4,7.18,9,42,14
146.4045,-37.5031,2021,9,22,0.7,7.58,9,52,55
146.4171,-37.4989,2021,9,22,1.1,8,9,58,54
146.4315,-37.5029,2021,9,22,1.8,8.95,10,8,34
146.3956,-37.5112,2021,9,22,0.6,9.49,10,16,32
146.4007,-37.5058,2021,9,22,0.6,10.54,10,20,0
146.3994,-37.498,2021,9,22,0.6,10,10,20,17
146.3912,-37.4958,2021,9,22,0.8,9.68,10,29,10
146.4054,-37.4989,2021,9,22,0.8,9.94,10,30,42
146.3924,-37.5042,2021,9,22,1.1,10.03,10,39,11
146.3984,-37.4754,2021,9,22,0.7,9.37,10,43,5
146.4084,-37.5076,2021,9,22,1,4.15,10,46,44
146.4065,-37.5346,2021,9,22,0.8,13.7,10,52,4
146.3998,-37.503,2021,9,22,1,8.8,10,52,19
146.4053,-37.5199,2021,9,22,1.8,9.18,11,18,12
146.3962,-37.5195,2021,9,22,0.5,9.74,11,20,49
146.3858,-37.4378,2021,9,22,1.3,6.51,11,34,26
146.4023,-37.5349,2021,9,22,2.3,9.82,11,40,15
146.399,-37.473,2021,9,22,2,4.63,11,41,59
146.4009,-37.4815,2021,9,22,1.1,3.77,11,47,32
146.4114,-37.5044,2021,9,22,1.7,11.18,12,7,30
146.3584,-37.4595,2021,9,22,1.1,7.63,12,21,58
146.4006,-37.4886,2021,9,22,1.2,11.32,12,24,32
146.3928,-37.4797,2021,9,22,0.9,6.72,12,43,6
146.409,-37.5009,2021,9,22,1,5,12,46,54
146.3973,-37.4906,2021,9,22,1.7,9.11,12,50,56
146.4016,-37.492,2021,9,22,0.9,6.98,13,18,16
146.3985,-37.4879,2021,9,22,0.6,9.45,13,20,54
146.3943,-37.4896,2021,9,22,0.7,8.65,13,21,11
146.4008,-37.4867,2021,9,22,0.9,6.99,13,35,33
146.3945,-37.5062,2021,9,22,0.6,10.37,13,54,44
146.4007,-37.4709,2021,9,22,1,5,14,14,13
146.3986,-37.512,2021,9,22,1.7,12.18,14,28,37
146.3965,-37.488,2021,9,22,0.6,5.58,14,35,20
146.3318,-37.5,2021,9,22,1.2,4.06,14,42,12
146.4357,-37.4895,2021,9,22,2.1,10.59,14,48,40
146.411,-37.4852,2021,9,22,1.7,7.01,15,23,58
146.4448,-37.1358,2021,9,22,1.7,9.95,15,56,1
146.409,-37.5013,2021,9,22,1.2,8.77,16,12,34
146.3833,-37.4715,2021,9,22,0.8,10.27,16,20,25
146.3954,-37.4896,2021,9,22,0.5,17.17,16,30,45
146.3963,-37.4927,2021,9,22,1.3,10.18,16,33,23
146.4029,-37.4992,2021,9,22,1.9,9.85,16,37,24
146.4085,-37.5248,2021,9,22,2.1,9.65,17,0,9
146.4053,-37.4874,2021,9,22,1.5,9.02,17,55,27
146.4049,-37.4741,2021,9,22,1.3,9.18,18,27,33
146.4184,-37.5074,2021,9,22,0.7,7.86,18,34,35
146.415,-37.5024,2021,9,22,0.7,10.36,18,48,21
146.3896,-37.4766,2021,9,22,0.9,6.94,19,19,46
146.3933,-37.4928,2021,9,22,1.8,9.03,19,26,52
146.3927,-37.5156,2021,9,22,2.2,9.64,19,28,12
146.399,-37.4952,2021,9,22,0.8,10.17,19,30,48
146.3995,-37.4958,2021,9,22,0.9,4.88,20,5,12
146.3933,-37.5024,2021,9,22,1.9,10.52,20,21,48
146.3924,-37.5091,2021,9,22,1,10.6,20,33,58
146.3922,-37.5075,2021,9,22,1,8.04,20,46,24
146.387,-37.4757,2021,9,22,1,10.09,20,57,3
146.4017,-37.4845,2021,9,22,1.6,7.62,21,28,58
146.3988,-37.5092,2021,9,22,1.6,9.82,21,31,34
146.4063,-37.517,2021,9,22,2.9,11.43,22,4,30
146.4212,-37.4595,2021,9,22,1.7,10.5,22,5,52
146.4166,-37.498,2021,9,22,1.2,5,22,12,41
146.3588,-37.4986,2021,9,22,0.6,10,22,30,21
146.3883,-37.466,2021,9,22,0.9,10.12,22,36,27
146.4228,-37.3958,2021,9,22,1.5,6.33,22,51,56
146.4156,-37.5979,2021,9,22,0.8,9.04,23,42,52
146.4079,-37.4943,2021,9,22,1.4,6.46,23,56,48
146.4046,-37.5133,2021,9,23,1.4,12.21,0,6,37
146.4006,-37.5008,2021,9,23,1.9,11.14,0,25,57
146.4035,-37.5047,2021,9,23,1.1,6.95,0,39,45
146.3977,-37.5262,2021,9,23,0.8,8.67,0,43,59
146.3968,-37.4742,2021,9,23,0.9,6.73,1,4,41
146.3993,-37.4924,2021,9,23,2,11.23,1,9,28
146.3981,-37.4733,2021,9,23,0.8,9.16,1,28,37
146.4076,-37.52,2021,9,23,1.5,10,1,50,38
146.4015,-37.4968,2021,9,23,1.2,7.03,2,1,37
146.407,-37.533,2021,9,23,3,12.23,2,9,14
146.4091,-37.5142,2021,9,23,1,9.89,2,21,38
146.3974,-37.4975,2021,9,23,1.6,10.11,2,26,58
146.4097,-37.5209,2021,9,23,3.2,11.89,2,58,44
146.3944,-37.537,2021,9,23,0.6,7.6,3,2,27
146.4079,-37.5088,2021,9,23,1.5,4.89,3,8,29
146.4362,-37.5033,2021,9,23,1.8,9.02,3,16,54
146.3954,-37.4616,2021,9,23,1,7.09,3,21,51
146.2689,-37.4328,2021,9,23,0.9,6.76,3,25,2
146.3999,-37.5124,2021,9,23,1.8,9.41,3,26,54
146.3993,-37.531,2021,9,23,2,9.94,3,36,32
146.4192,-37.5073,2021,9,23,0.9,8.79,3,40,28
146.3942,-37.53,2021,9,23,2.9,12.43,4,30,49
146.3858,-37.5083,2021,9,23,1,6.5,5,15,4
146.4034,-37.5169,2021,9,23,1,8.5,5,33,1
146.2945,-37.1677,2021,9,23,1.6,8.69,6,9,47
146.3998,-37.4646,2021,9,23,0.6,9.21,6,47,30
146.4014,-37.489,2021,9,23,1.4,10.01,6,53,6
146.4325,-37.5048,2021,9,23,1,9.45,6,55,12
146.409,-37.525,2021,9,23,1.3,9.08,6,58,28
146.4088,-37.5035,2021,9,23,1.4,5.8,7,6,15
146.4077,-37.4803,2021,9,23,0.7,7.6,7,19,26
146.4148,-37.5202,2021,9,23,0.9,4.84,7,37,3
146.4016,-37.5127,2021,9,23,0.7,8.72,7,59,19
146.4241,-37.5124,2021,9,23,0.8,6.46,9,18,21
146.405,-37.4954,2021,9,23,1.3,5.35,9,45,37
146.461,-37.4752,2021,9,23,1.7,11.32,10,27,36
146.3548,-37.5273,2021,9,23,1.3,4.16,10,30,42
146.4136,-37.5004,2021,9,23,0.8,9.62,10,44,10
146.3866,-37.5292,2021,9,23,1.1,9.62,11,25,49
146.3908,-37.4663,2021,9,23,1.1,6.71,12,19,16
146.4021,-37.4933,2021,9,23,1.3,5.01,12,51,42
146.4258,-37.5135,2021,9,23,0.6,6.79,12,57,20
146.4443,-37.4879,2021,9,23,0.9,10,13,13,56
146.42,-37.5153,2021,9,23,1.3,7.97,13,30,10
146.3969,-37.5259,2021,9,23,1.1,9.98,13,41,25
146.4047,-37.511,2021,9,23,0.6,9.8,13,43,44
146.3459,-37.5083,2021,9,23,0.8,9.87,13,58,53
146.3834,-37.4548,2021,9,23,2.5,10.51,14,19,13
146.4141,-37.4924,2021,9,23,1.1,1.9,15,52,32
146.3994,-37.491,2021,9,23,1.2,5,15,54,26
146.4027,-37.5177,2021,9,23,1.1,4.62,16,36,44
146.3889,-37.4913,2021,9,23,1,8.73,17,42,41
146.4013,-37.5357,2021,9,23,2,12.82,18,0,18
146.3998,-37.5148,2021,9,23,1.5,9.65,18,59,6
146.3942,-37.48,2021,9,23,0.8,11.2,20,26,1
146.3942,-37.5035,2021,9,23,1.1,6.03,21,44,34
146.4025,-37.5257,2021,9,23,0.9,9.99,21,52,15
146.3998,-37.4849,2021,9,24,1.1,10.13,0,59,4
146.397,-37.5024,2021,9,24,1.2,4.23,1,4,40
146.417,-37.512,2021,9,24,1.2,9.22,1,16,55
146.3909,-37.5026,2021,9,24,0.9,9.75,2,31,37
146.3896,-37.767,2021,9,24,1.5,11.47,2,42,19
146.3955,-37.4865,2021,9,24,1.4,9.84,2,47,1
146.3954,-37.5506,2021,9,24,1.3,16.82,3,16,47
146.3918,-37.5133,2021,9,24,2.3,4.78,4,49,36
146.3956,-37.5126,2021,9,24,1.7,16.92,4,50,35
146.3979,-37.5091,2021,9,24,0.7,17.17,6,21,59
146.3569,-37.4949,2021,9,24,0.6,15.35,6,57,2
146.3906,-37.4643,2021,9,24,0.6,14.64,7,0,38
146.3851,-37.493,2021,9,24,0.5,15,7,24,47
146.3995,-37.5116,2021,9,24,1.2,14.28,7,51,5
146.3788,-37.4754,2021,9,24,0.6,14.19,8,38,36
146.4021,-37.5004,2021,9,24,0.5,16.3,8,43,31
146.3725,-37.4892,2021,9,24,0.5,13.07,9,21,30
146.4098,-37.5183,2021,9,24,1.2,15.85,9,32,20
146.4033,-37.5032,2021,9,24,0.8,14.78,10,0,53
146.4117,-37.4818,2021,9,24,0.5,15.77,10,2,10
146.4053,-37.4842,2021,9,24,1,15.33,10,35,30
146.4008,-37.508,2021,9,24,1.9,8.71,11,22,39
146.365,-37.4923,2021,9,24,0.3,15.91,11,37,17
146.237,-37.4455,2021,9,24,1,18,11,45,42
146.4462,-37.4883,2021,9,24,0.6,15.05,12,55,30
146.2718,-37.6465,2021,9,24,0.4,10,14,39,24
146.3891,-37.4744,2021,9,24,0.3,13.55,14,58,46
146.4014,-37.4995,2021,9,24,1.6,11.86,14,59,45
146.4275,-37.4681,2021,9,24,0.1,14.5,15,3,9
146.4095,-37.5256,2021,9,24,0.6,16.78,15,6,15
146.3853,-37.5038,2021,9,24,0.6,16.12,15,18,49
146.3984,-37.5084,2021,9,24,0.9,13.7,15,23,17
146.3846,-37.4699,2021,9,24,0.2,16.27,15,48,12
146.3974,-37.5139,2021,9,24,0.2,16.2,15,58,16
146.3439,-37.5144,2021,9,24,0.1,17.5,16,5,0
146.4322,-37.5156,2021,9,24,0.4,15.32,16,20,13
146.4135,-37.4959,2021,9,24,1.5,16.83,16,31,35
146.3628,-37.5217,2021,9,24,2.5,13,16,31,54
146.3528,-37.521,2021,9,24,0.3,13.18,16,54,8
146.4284,-37.4548,2021,9,24,0.4,10.84,17,6,6
146.3963,-37.523,2021,9,24,0.6,15.55,17,29,44
146.3949,-37.4902,2021,9,24,0.4,18.11,17,35,54
146.3532,-37.488,2021,9,24,0.3,13.56,17,53,38
146.3931,-37.4929,2021,9,24,0.7,14.77,18,28,39
146.4141,-37.5101,2021,9,24,0.7,15.04,18,33,18
146.3847,-37.4944,2021,9,24,1.2,14.61,19,18,53
146.4559,-37.4733,2021,9,24,0.3,12.27,19,58,18
146.4386,-37.4859,2021,9,24,0.5,14.62,20,0,1
146.3737,-37.4985,2021,9,24,0.1,13.01,20,7,39
146.3928,-37.5256,2021,9,24,2.8,10.81,21,4,17
146.4028,-37.5201,2021,9,24,1.5,10.77,21,27,34
146.4038,-37.5249,2021,9,24,0.6,16.59,22,27,3
146.3873,-37.4958,2021,9,24,-0.1,15.41,22,28,25
146.3812,-37.5134,2021,9,24,0.7,17.97,22,48,34
146.3768,-37.5072,2021,9,24,0.8,16.25,22,48,40
146.3987,-37.5143,2021,9,24,0.9,15.6,22,53,56
146.1935,-37.4351,2021,9,24,0.6,13.01,23,6,39
146.3192,-37.3635,2021,9,24,0.6,17.49,23,29,4
146.3221,-37.5157,2021,9,25,0.3,10.22,0,0,35
146.3099,-37.51,2021,9,25,-0.1,8.96,0,2,30
146.3114,-37.5299,2021,9,25,0.5,13.28,0,10,30
146.3768,-37.5114,2021,9,25,0.2,12.08,0,20,22
146.1517,-37.4732,2021,9,25,0.5,12.11,0,39,51
146.3914,-37.4997,2021,9,25,0.1,10.53,0,51,41
146.4048,-37.5084,2021,9,25,0.4,9.99,0,58,1
146.3824,-37.4911,2021,9,25,0.1,12.11,1,6,8
146.4339,-37.4007,2021,9,25,0.8,16.9,1,32,18
146.3984,-37.5113,2021,9,25,0.1,11.59,1,42,13
146.3823,-37.5219,2021,9,25,0,15.69,1,42,45
146.4197,-37.5417,2021,9,25,1.2,13.36,1,45,19
146.4037,-37.4763,2021,9,25,1.7,4.52,1,47,49
146.3839,-37.5056,2021,9,25,-0.1,13.6,1,53,28
146.3828,-37.5237,2021,9,25,-0.1,11.95,1,57,29
146.3865,-37.4984,2021,9,25,0.1,15,2,5,2
146.1782,-37.5055,2021,9,25,0.3,11.35,2,5,47
146.3958,-37.4988,2021,9,25,0.7,13.89,2,22,10
146.4975,-37.5118,2021,9,25,0.1,12.87,2,24,30
146.3741,-37.4939,2021,9,25,-0.2,10,2,25,7
146.4211,-37.4989,2021,9,25,0.9,10.59,2,30,49
146.3773,-37.5071,2021,9,25,-0.1,16.87,2,32,36
146.3993,-37.4945,2021,9,25,0.7,16.37,2,35,39
146.3901,-37.5023,2021,9,25,0.4,17.1,2,41,0
146.3845,-37.5217,2021,9,25,0.4,16.09,2,43,9
146.3855,-37.5181,2021,9,25,0.1,16.14,2,55,7
146.3993,-37.5012,2021,9,25,0.3,11.11,3,4,34
146.239,-37.4952,2021,9,25,0.1,10.64,3,7,40
146.4046,-37.5053,2021,9,25,0.5,17.03,3,20,40
146.3474,-37.5007,2021,9,25,0.2,10.79,3,20,51
146.3728,-37.4751,2021,9,25,0,11.26,3,30,52
146.1767,-37.5814,2021,9,25,0.2,10.19,3,46,20
146.3775,-37.4772,2021,9,25,0.5,14.11,3,47,6
146.3865,-37.4845,2021,9,25,0.5,10.86,3,47,36
146.1469,-37.5854,2021,9,25,0.6,8.99,4,12,50
146.3785,-37.4932,2021,9,25,0,9.57,4,35,54
146.363,-37.4845,2021,9,25,0.1,16.46,4,37,22
146.3871,-37.4925,2021,9,25,-0.2,12.39,4,40,36
146.3872,-37.493,2021,9,25,0,13.26,4,44,23
146.4612,-37.5475,2021,9,25,0.4,14.59,4,45,4
146.3143,-37.5202,2021,9,25,-0.2,6.57,4,50,54
146.3893,-37.5092,2021,9,25,0.2,17.08,4,53,26
146.329,-37.3682,2021,9,25,0.7,15.91,4,57,28
146.3849,-37.509,2021,9,25,-0.1,15.21,5,0,19
146.3736,-37.4915,2021,9,25,0.1,15.5,5,1,3
146.3559,-37.5272,2021,9,25,-0.1,16.05,5,1,14
146.3906,-37.5092,2021,9,25,0.2,16.21,5,3,34
146.3912,-37.5022,2021,9,25,0.2,15.3,5,7,20
146.32,-37.407,2021,9,25,0.1,13.83,5,16,55
146.3945,-37.5178,2021,9,25,0.4,14.77,5,19,29
146.395,-37.5042,2021,9,25,0.3,15.75,5,57,59
146.4078,-37.5147,2021,9,25,0.5,13.85,6,5,32
146.3876,-37.5159,2021,9,25,0.1,15.48,6,27,30
146.3855,-37.5242,2021,9,25,0.5,14.76,6,27,41
146.3953,-37.508,2021,9,25,0.4,12.18,6,38,37
146.408,-37.5308,2021,9,25,0,14.71,6,40,9
146.3951,-37.4736,2021,9,25,1.2,16.8,6,49,38
146.3908,-37.5104,2021,9,25,0.2,15.84,7,0,39
146.3874,-37.5161,2021,9,25,0.2,16.01,7,3,1
146.4114,-37.4879,2021,9,25,0.5,15.8,7,8,6
146.3829,-37.488,2021,9,25,0.3,16,7,12,54
146.381,-37.4868,2021,9,25,0.1,11.63,7,23,29
146.3953,-37.5248,2021,9,25,0,10.46,7,26,11
146.3972,-37.5066,2021,9,25,0.5,13.29,7,28,25
146.4025,-37.4882,2021,9,25,0.4,11.85,7,38,21
146.3762,-37.5003,2021,9,25,0.1,11.21,7,41,13
146.2995,-37.4694,2021,9,25,0.2,16.77,7,55,26
146.3877,-37.4724,2021,9,25,0.3,14.6,7,57,41
146.3919,-37.5064,2021,9,25,0.1,18.31,8,4,36
146.3715,-37.4865,2021,9,25,0.1,12.66,8,10,31
146.4421,-37.5058,2021,9,25,0.2,17.08,8,14,26
146.4285,-37.5423,2021,9,25,0,13.72,8,16,7
146.393,-37.5125,2021,9,25,0,15.48,8,34,5
146.3811,-37.4783,2021,9,25,0,12.97,8,35,31
146.3968,-37.4999,2021,9,25,0.1,11,8,42,24
146.4164,-37.4998,2021,9,25,0.3,15.63,8,44,9
146.4247,-37.5088,2021,9,25,-0.2,13.84,8,47,40
146.402,-37.4801,2021,9,25,0.7,12.4,9,16,30
146.3975,-37.4953,2021,9,25,0,14.88,9,23,3
146.3818,-37.4802,2021,9,25,-0.2,11.47,9,38,20
146.3752,-37.5025,2021,9,25,-0.3,12.25,9,45,2
146.4244,-37.503,2021,9,25,0.5,16.46,9,46,51
146.3671,-37.5198,2021,9,25,0,17.4,9,50,20
146.3996,-37.509,2021,9,25,0.9,16.13,9,58,3
146.3911,-37.511,2021,9,25,0,16.19,10,2,37
146.4087,-37.4845,2021,9,25,1.6,10.43,10,5,15
146.3817,-37.486,2021,9,25,-0.1,13.47,10,12,12
146.3672,-37.4722,2021,9,25,-0.1,13.34,10,13,53
146.3807,-37.5157,2021,9,25,0.1,15.6,10,14,10
146.3822,-37.3616,2021,9,25,1.5,5.98,10,16,51
146.3981,-37.4658,2021,9,25,0.1,15.62,10,20,47
146.1892,-37.4623,2021,9,25,0,10.22,10,21,53
146.4013,-37.5075,2021,9,25,0,16.49,10,22,30
146.382,-37.5021,2021,9,25,-0.3,10.78,10,23,20
146.232,-37.4864,2021,9,25,0.2,11.09,10,23,57
146.4058,-37.4988,2021,9,25,0.2,15.8,10,29,29
146.4526,-37.2294,2021,9,25,0.4,8,10,31,41
146.3855,-37.4955,2021,9,25,0,15.04,10,32,54
146.4114,-37.4868,2021,9,25,0.5,16.95,10,37,46
146.3975,-37.5105,2021,9,25,0,11.11,10,46,25
146.3781,-37.5039,2021,9,25,0,13.85,10,50,22
146.3801,-37.5039,2021,9,25,-0.2,11.36,10,50,22
146.3873,-37.5129,2021,9,25,-0.2,12.56,10,51,9
146.3785,-37.5138,2021,9,25,-0.1,14.7,10,52,2
146.3757,-37.5003,2021,9,25,-0.1,12.7,10,54,21
146.3939,-37.4853,2021,9,25,0.1,15.15,11,0,56
146.3776,-37.4902,2021,9,25,0,14.77,11,7,30
146.3962,-37.4871,2021,9,25,0,14.06,11,7,30
146.3626,-37.4806,2021,9,25,-0.2,7.92,11,17,5
146.3841,-37.4804,2021,9,25,-0.2,9.3,11,18,48
146.3932,-37.5159,2021,9,25,0.1,15.81,11,19,39
146.3735,-37.5085,2021,9,25,0,16.36,11,23,43
146.399,-37.5056,2021,9,25,0,12.35,11,25,16
146.3742,-37.5164,2021,9,25,0.1,19.57,11,26,26
146.379,-37.4904,2021,9,25,0.2,20.75,11,29,35
146.3937,-37.5002,2021,9,25,0,17.21,11,31,27
146.3759,-37.4861,2021,9,25,-0.1,15.96,11,43,13
146.3817,-37.5006,2021,9,25,0,16.01,11,44,27
146.3904,-37.5279,2021,9,25,-0.3,13.83,11,45,33
146.4257,-37.5246,2021,9,25,0,15.05,11,46,11
146.3968,-37.4727,2021,9,25,0.9,16.22,11,47,40
146.3851,-37.5137,2021,9,25,-0.1,15.41,11,49,59
146.3908,-37.5102,2021,9,25,-0.1,15.12,11,49,59
146.4092,-37.4993,2021,9,25,0.5,17.17,11,51,56
146.3956,-37.4938,2021,9,25,-0.1,10.88,11,54,36
146.3446,-37.4657,2021,9,25,-0.1,14.39,12,3,36
146.4091,-37.4966,2021,9,25,0.5,15.86,12,11,18
146.4343,-37.4965,2021,9,25,0.3,16.64,12,15,55
146.3941,-37.5157,2021,9,25,0,15.61,12,20,48
146.4005,-37.532,2021,9,25,0,13.98,12,24,44
146.4328,-37.562,2021,9,25,0.2,14.18,12,27,19
146.3873,-37.4969,2021,9,25,0.1,11.5,12,31,10
146.4011,-37.5152,2021,9,25,1.7,14.81,12,32,22
146.391,-37.5027,2021,9,25,-0.1,13.09,12,38,56
146.434,-37.5138,2021,9,25,-0.1,12.24,12,42,20
146.3924,-37.4969,2021,9,25,0.7,15.05,12,45,53
146.3667,-37.464,2021,9,25,-0.3,10,12,50,7
146.3967,-37.4924,2021,9,25,0.3,15.27,12,50,38
146.4019,-37.5392,2021,9,25,0,16.48,12,57,37
146.3864,-37.5184,2021,9,25,0.2,16.42,13,20,45
146.3604,-37.5278,2021,9,25,1.6,13.71,13,48,8
146.3899,-37.4951,2021,9,25,0.5,17.59,14,10,30
146.3876,-37.4858,2021,9,25,2.5,15.7,14,29,15
146.4343,-37.6792,2021,9,25,0.2,12.99,14,53,38
146.3874,-37.4952,2021,9,25,0.4,14.62,15,10,17
146.4016,-37.5119,2021,9,25,0.6,16.96,15,33,50
146.4028,-37.4634,2021,9,25,0.3,13.93,15,48,6
146.3401,-37.4793,2021,9,25,0.2,14.31,16,4,16
146.4029,-37.5004,2021,9,25,0.4,16.15,16,16,52
146.3914,-37.5102,2021,9,25,0.8,13.01,16,17,25
146.4059,-37.5024,2021,9,25,0.7,16.24,16,32,28
146.3961,-37.4935,2021,9,25,0.3,13.83,16,59,0
146.308,-37.4949,2021,9,25,0.4,17.78,17,1,1
146.4052,-37.5022,2021,9,25,1.5,12.41,17,15,51
146.407,-37.4948,2021,9,25,0.4,15.91,17,20,9
146.391,-37.4947,2021,9,25,0.5,16.85,17,52,24
146.4054,-37.5067,2021,9,25,1.6,11.55,18,6,25
146.4009,-37.5142,2021,9,25,1.2,16.83,18,13,53
146.4022,-37.4822,2021,9,25,0.4,14.2,18,34,7
146.4203,-37.4919,2021,9,25,0.1,16.31,18,51,19
146.4187,-37.5292,2021,9,25,0.5,15.95,18,59,10
146.3948,-37.4415,2021,9,25,0.4,14.49,19,51,59
146.3303,-37.5356,2021,9,25,0.5,15.28,19,56,2
146.461,-37.557,2021,9,25,1.4,12.53,20,10,9
146.45,-37.5016,2021,9,25,0.3,11.2,20,17,40
146.4294,-37.5062,2021,9,25,0.7,12.54,20,21,56
146.4291,-37.509,2021,9,25,0.4,17.07,20,26,51
146.358,-37.3851,2021,9,25,0.7,14.36,20,38,52
146.4072,-37.5023,2021,9,25,1.3,11.99,21,14,23
146.4161,-37.4832,2021,9,25,0.5,16.31,21,51,37
146.4134,-37.5131,2021,9,25,0.7,16.16,22,6,46
146.4242,-37.5244,2021,9,25,0.4,17.11,22,46,24
146.3964,-37.5278,2021,9,25,0.4,16,23,41,28
146.403,-37.5082,2021,9,26,0.2,13.93,0,5,0
146.409,-37.5032,2021,9,26,0.8,16.14,0,43,15
146.4535,-37.5139,2021,9,26,1.4,11.18,0,57,1
146.4075,-37.4895,2021,9,26,1.4,13.67,1,13,33
146.3349,-37.5176,2021,9,26,1.3,15.25,2,22,25
146.3924,-37.5192,2021,9,26,1,12.39,2,34,36
146.4039,-37.5098,2021,9,26,0.6,16.96,2,47,31
146.4207,-37.508,2021,9,26,1.7,11.38,3,13,18
146.3961,-37.489,2021,9,26,0.6,11.03,3,40,17
146.3965,-37.5049,2021,9,26,1,16.25,3,58,15
146.4335,-37.51,2021,9,26,1.2,14.14,4,4,41
146.4106,-37.5082,2021,9,26,0.1,12.19,4,5,51
146.3935,-37.4924,2021,9,26,0.4,14.26,4,33,0
146.432,-37.4982,2021,9,26,0.2,15.37,4,33,23
146.3896,-37.5042,2021,9,26,-0.2,12.87,4,58,19
146.3827,-37.3573,2021,9,26,1.3,12.35,4,58,42
146.3973,-37.4999,2021,9,26,0.5,14.01,5,18,51
146.3217,-37.4804,2021,9,26,0.3,16.28,6,3,40
146.3756,-37.52,2021,9,26,0.5,14.41,6,32,57
146.3986,-37.48,2021,9,26,0.9,13.62,7,4,24
146.4103,-37.5311,2021,9,26,0.8,13.93,7,10,12
146.4073,-37.5274,2021,9,26,0.7,13.33,7,25,49
146.41,-37.516,2021,9,26,0.7,16.96,9,47,25
146.3866,-37.4851,2021,9,26,0.1,12.33,10,10,25
146.4009,-37.4992,2021,9,26,0.4,13.27,10,38,39
146.4243,-37.4909,2021,9,26,0.2,11.72,10,51,50
146.3918,-37.4843,2021,9,26,1.1,14.99,11,0,3
146.4011,-37.4993,2021,9,26,0.3,13.5,11,17,33
146.394,-37.5086,2021,9,26,0.4,16.81,12,27,2
146.3978,-37.5226,2021,9,26,1.3,9.93,12,48,35
146.3909,-37.4989,2021,9,26,0.7,10.74,13,20,29
146.3978,-37.501,2021,9,26,0.7,17.01,13,21,11
146.4016,-37.5126,2021,9,26,0.4,14.13,13,21,37
146.4009,-37.5178,2021,9,26,1,15.55,15,24,49
146.4057,-37.5092,2021,9,26,0.9,15.33,16,14,5
146.4144,-37.4969,2021,9,26,0.6,15.88,16,34,57
146.3952,-37.5053,2021,9,26,1.2,11.13,16,54,44
146.3958,-37.4885,2021,9,26,0.4,15.57,17,22,54
146.4075,-37.5099,2021,9,26,0.5,14.56,17,23,56
146.3992,-37.5231,2021,9,26,1.1,18,18,32,46
146.4254,-37.5247,2021,9,26,1.4,13.76,19,22,53
146.3996,-37.4794,2021,9,26,1,12.7,19,24,42
146.4029,-37.4903,2021,9,26,0.6,15.19,19,46,11
146.3972,-37.4654,2021,9,26,0.4,15.42,20,5,28
146.4015,-37.5258,2021,9,26,0.1,14.51,20,18,35
146.3934,-37.4863,2021,9,26,0.6,14.67,20,24,32
146.4039,-37.4942,2021,9,26,0.8,15.48,20,52,23
146.3748,-37.497,2021,9,26,1.3,14.02,21,2,20
146.3882,-37.479,2021,9,26,0.1,10.43,21,6,40
146.4023,-37.5128,2021,9,26,0,15.07,21,6,54
146.4007,-37.5067,2021,9,26,0.7,15.17,21,53,33
146.3932,-37.4824,2021,9,26,0.3,12.97,22,2,50
146.4093,-37.5067,2021,9,26,0.9,15.03,22,23,8
146.3974,-37.4937,2021,9,26,0.7,12.59,22,29,46
146.3905,-37.468,2021,9,26,0.3,10.61,23,1,13
146.4004,-37.5153,2021,9,26,0.8,15.3,23,48,51
146.394,-37.4866,2021,9,27,1.3,11.67,1,20,49
146.4049,-37.5094,2021,9,27,0.8,8.95,3,13,35
146.381,-37.5049,2021,9,27,0.6,10,4,14,35
146.3936,-37.4814,2021,9,27,0.6,5,4,31,9
146.3912,-37.4867,2021,9,27,0.7,7.78,5,4,33
146.4009,-37.4886,2021,9,27,1.1,4.35,5,36,28
146.3932,-37.4975,2021,9,27,0.7,7.49,7,0,47
146.4035,-37.5133,2021,9,27,1,6.51,7,25,37
146.3879,-37.527,2021,9,27,0.5,12.71,8,55,4
146.4014,-37.4674,2021,9,27,1.1,3.88,9,15,48
146.4005,-37.4756,2021,9,27,0.4,9.59,9,51,51
146.4043,-37.4868,2021,9,27,0.4,3.86,11,57,47
146.3882,-37.4704,2021,9,27,1.6,11.28,16,33,5
146.3944,-37.5126,2021,9,27,1,10,17,56,29
146.4071,-37.4853,2021,9,27,1.3,16.54,18,6,23
146.3988,-37.4941,2021,9,27,1.3,9.82,18,10,8
146.4405,-37.4831,2021,9,27,0.9,6.56,19,6,45
146.3548,-37.492,2021,9,27,0.6,12.83,20,15,46
146.4033,-37.4373,2021,9,27,0.8,16.67,22,18,42
146.4068,-37.5276,2021,9,27,0.5,16.41,23,57,29
146.4038,-37.5321,2021,9,28,1.3,9.45,1,32,40
146.4478,-37.5022,2021,9,28,0.7,12,2,42,22
146.3879,-37.4885,2021,9,28,0.8,15.66,3,33,51
146.4037,-37.5075,2021,9,28,1.5,15.02,3,48,19
146.262,-37.0895,2021,9,28,1,8.78,4,0,10
146.3544,-37.5121,2021,9,28,0.8,10.01,4,25,52
146.3957,-37.4813,2021,9,28,1.1,7.3,6,55,4
146.4068,-37.4982,2021,9,28,0.8,6.96,8,29,18
146.3988,-37.5,2021,9,28,0.8,6.74,9,33,9
146.4034,-37.5218,2021,9,28,1.5,9.12,9,58,32
146.409,-37.5185,2021,9,28,2.1,12.68,12,27,29
146.4388,-37.4824,2021,9,28,0.6,10,12,31,38
146.4051,-37.482,2021,9,28,0.8,5,13,48,44
146.3724,-37.4874,2021,9,28,0.3,12.38,14,1,52
146.4103,-37.489,2021,9,28,0.5,10.94,14,22,20
146.3929,-37.4861,2021,9,28,0.9,10.21,14,43,29
146.4033,-37.4782,2021,9,28,0.7,11.21,14,54,34
146.3972,-37.4718,2021,9,28,0.9,6.42,15,40,1
146.388,-37.4739,2021,9,28,0.5,8.54,16,11,12
146.4,-37.4945,2021,9,28,0.4,11.29,16,59,8
146.3922,-37.4933,2021,9,28,0.5,9.93,17,11,23
146.4058,-37.511,2021,9,28,1.2,14.11,18,20,7
146.4161,-37.5395,2021,9,28,0.3,11.46,19,22,23
146.4798,-37.4669,2021,9,28,0.7,16.22,19,33,18
146.0138,-37.6766,2021,9,28,0.4,10.74,19,34,4
146.3461,-37.3624,2021,9,28,0.7,11.89,19,38,57
146.433,-37.5194,2021,9,28,0.3,14.42,19,42,1
146.4131,-37.5247,2021,9,28,1.2,11.99,22,22,24
146.4395,-37.5487,2021,9,28,0.6,9.66,23,8,52
146.4114,-37.5163,2021,9,28,0.6,12.62,23,38,59
146.3919,-37.511,2021,9,29,0.7,14.58,0,20,35
146.4096,-37.5294,2021,9,29,1.5,11.79,0,24,13
146.402,-37.4896,2021,9,29,0.2,9.96,0,56,9
146.7016,-37.5537,2021,9,29,0.8,10,1,5,50
146.3414,-37.5302,2021,9,29,0.6,13,2,47,33
146.4185,-37.5145,2021,9,29,0.4,11.11,2,50,56
146.4108,-37.4925,2021,9,29,0.6,13.71,3,4,27
146.372,-37.5118,2021,9,29,0.2,10.77,4,40,4
146.406,-37.536,2021,9,29,0.4,9.96,4,44,9
146.4118,-37.5319,2021,9,29,0.5,13.13,5,39,3
146.3863,-37.5858,2021,9,29,0.1,10.71,7,43,38
146.396,-37.4776,2021,9,29,0.6,14.58,7,47,41
146.3257,-37.3842,2021,9,29,2,15,8,21,59
146.3976,-37.5029,2021,9,29,0.6,16.37,8,30,35
146.3865,-37.5039,2021,9,29,0.5,10.79,8,41,45
146.3975,-37.5019,2021,9,29,1,14.94,9,18,46
146.3728,-37.5021,2021,9,29,0.7,13.05,9,57,22
146.391,-37.4913,2021,9,29,0.4,14.86,10,47,33
146.375,-37.4889,2021,9,29,0.6,14.05,11,28,24
146.3482,-37.5294,2021,9,29,0.3,12.69,11,48,22
146.4572,-37.4904,2021,9,29,0.6,12.62,13,34,28
146.4091,-37.4948,2021,9,29,1.3,10.23,13,43,31
146.3779,-37.4841,2021,9,29,0.4,13.49,16,16,13
146.3422,-37.5288,2021,9,29,0.9,8.31,17,31,5
146.484,-37.5209,2021,9,29,0.3,12.18,17,31,46
146.3485,-37.5188,2021,9,29,0.5,16.16,18,4,46
146.3983,-37.514,2021,9,29,1.6,14.2,19,8,1
146.3797,-37.495,2021,9,29,0.7,13.44,19,15,48
146.3964,-37.4821,2021,9,29,1.4,12.68,19,32,18
146.3887,-37.5372,2021,9,29,0.1,1.56,20,17,19
146.3887,-37.5251,2021,9,29,0.6,12.27,21,22,33
146.3592,-37.5506,2021,9,30,0.7,9.61,0,37,46
146.6766,-37.8475,2021,9,30,0.9,15.91,1,55,47
146.6854,-37.8122,2021,9,30,0.5,12.59,1,56,19
146.3853,-37.5143,2021,9,30,0.8,13.47,1,58,46
146.3749,-37.5404,2021,9,30,0.8,12.07,1,59,34
146.4103,-37.518,2021,9,30,1.1,12.89,3,32,1
146.4064,-37.5244,2021,9,30,1.2,10,5,38,19
146.4029,-37.4898,2021,9,30,1.1,5,6,4,56
146.3907,-37.5139,2021,9,30,0.9,13.49,7,5,23
146.398,-37.5142,2021,9,30,0.7,11.46,9,58,38
146.4173,-37.4984,2021,9,30,1,7.28,10,20,1
146.4146,-37.4823,2021,9,30,0.5,9.46,11,12,13
146.3954,-37.4788,2021,9,30,0.6,4.43,11,17,32
146.4052,-37.5117,2021,9,30,1.4,8.69,11,26,26
146.3923,-37.5429,2021,9,30,0.3,10,15,23,21
146.4096,-37.5276,2021,9,30,1.6,13.13,16,6,54
146.3979,-37.4951,2021,9,30,0.6,14.06,18,43,55
146.4074,-37.5048,2021,9,30,1.6,15.35,18,55,27
146.4032,-37.5169,2021,9,30,1.6,11.97,19,2,38
146.2633,-37.3726,2021,9,30,0.6,8.51,19,48,28
146.3941,-37.5328,2021,9,30,1.8,11.69,19,59,58
146.3998,-37.5111,2021,9,30,0.8,10,23,8,47
146.4642,-37.6017,2021,10,1,1.2,10,0,41,36
146.418,-37.5104,2021,10,1,1.1,10,0,45,6
146.3837,-37.47,2021,10,1,0.7,6.33,1,8,1
146.3961,-37.5003,2021,10,1,1.5,8.47,2,45,2
146.4045,-37.4884,2021,10,1,0.7,9.24,5,28,39
146.4027,-37.5176,2021,10,1,0.9,7.34,5,47,51
146.4147,-37.4601,2021,10,1,0.6,10.93,6,10,19
146.3934,-37.4985,2021,10,1,1.1,8.65,7,47,15
146.447,-37.4975,2021,10,1,0.7,10,8,37,14
146.3967,-37.4825,2021,10,1,0.6,9.14,8,47,47
146.407,-37.462,2021,10,1,0.4,9.13,9,5,25
146.4072,-37.4596,2021,10,1,0.9,4.81,10,51,59
146.3628,-37.5214,2021,10,1,0.1,7.99,12,1,5
146.4149,-37.5051,2021,10,1,0.8,14.9,12,25,32
146.3493,-37.5467,2021,10,1,0.2,5,12,34,17
146.3829,-37.5013,2021,10,1,0.8,9.55,13,8,10
146.3645,-37.3678,2021,10,1,0.3,10.58,13,25,46
146.366,-37.4929,2021,10,1,0.4,15.07,14,47,53
146.3774,-37.5064,2021,10,1,-0.1,10,15,12,22
146.3824,-37.5295,2021,10,1,0.2,11.82,15,13,36
146.3745,-37.4843,2021,10,1,0.4,8.92,15,23,20
146.3562,-37.4627,2021,10,1,0.3,6.57,15,23,44
146.3543,-37.4302,2021,10,1,0.1,11.01,15,25,5
146.3978,-37.5612,2021,10,1,0.3,6.24,15,57,38
146.3901,-37.5265,2021,10,1,0.2,12.23,16,30,41
146.3611,-37.5271,2021,10,1,0.2,13.19,16,43,18
146.3971,-37.5336,2021,10,1,0.2,12.96,17,21,34
146.3506,-37.5002,2021,10,1,0.3,10,17,30,7
146.1816,-37.5894,2021,10,1,0.2,10,17,32,53
146.4036,-37.5153,2021,10,1,0.4,14.9,17,48,36
146.2605,-37.2362,2021,10,1,0.3,13.96,18,4,52
146.393,-37.4884,2021,10,1,0.4,12.48,18,10,9
146.4024,-37.5315,2021,10,1,1.7,12.51,18,33,22
146.3892,-37.5418,2021,10,1,0.2,10.18,18,46,5
146.4004,-37.4899,2021,10,1,0.7,13.97,19,46,48
146.3951,-37.5228,2021,10,1,-0.1,11.22,20,54,32
146.4048,-37.5038,2021,10,1,2.2,16.46,21,4,54
146.4427,-37.5878,2021,10,1,0.9,10,21,14,26
146.4034,-37.5108,2021,10,1,1,10.79,21,15,34
146.3946,-37.507,2021,10,1,1.1,12.87,21,27,43
146.4021,-37.5046,2021,10,1,1,11.4,21,45,56
146.3951,-37.5085,2021,10,1,0.6,16.88,22,54,51
146.4039,-37.4758,2021,10,2,1.4,10,0,28,18
146.4047,-37.5321,2021,10,2,0.8,10,1,5,35
146.4101,-37.5405,2021,10,2,0.6,8.53,1,24,30
146.4156,-37.5262,2021,10,2,0.2,12.11,7,1,46
146.4838,-37.5791,2021,10,2,0.2,10.87,7,2,56
146.3966,-37.4986,2021,10,2,0.4,11.23,8,17,29
146.4454,-37.5121,2021,10,2,0.5,13.32,8,44,21
146.3344,-37.5226,2021,10,2,-0.1,10,10,36,51
146.3958,-37.4896,2021,10,2,0.3,15.53,11,57,54
146.3458,-37.5208,2021,10,2,0.6,15.88,13,59,49
146.4027,-37.4546,2021,10,2,0.3,15.47,16,11,5
146.4408,-37.5094,2021,10,2,0.2,11.89,16,16,11
146.4065,-37.5262,2021,10,2,0.6,12.69,17,53,35
146.4143,-37.5143,2021,10,2,1.2,10.98,20,58,53
146.4017,-37.4989,2021,10,3,1.6,9.18,3,58,50
146.4021,-37.5008,2021,10,3,1.1,14.28,4,25,25
146.3923,-37.4897,2021,10,3,0.7,11.74,7,14,33
146.3979,-37.5035,2021,10,3,1.4,14.96,8,51,4
146.3556,-37.4976,2021,10,3,1,15.18,10,18,46
146.3912,-37.4979,2021,10,3,0.8,4.1,13,50,35
146.3736,-37.4928,2021,10,3,0.5,14.11,15,26,58
146.4028,-37.5061,2021,10,3,0.7,4.41,19,27,8
146.3396,-37.5103,2021,10,3,1.3,4.52,19,31,34
146.3334,-37.5182,2021,10,3,1.1,8.4,19,32,25
146.417,-37.5281,2021,10,3,2.7,14.31,21,20,5
146.3866,-37.4858,2021,10,3,0.9,14.85,23,42,12
146.3931,-37.6538,2021,10,4,0.7,10.73,0,16,8
146.4019,-37.5307,2021,10,4,0.8,13.89,1,10,43
146.3998,-37.4802,2021,10,4,1.1,14.59,10,7,41
146.4173,-37.5375,2021,10,4,2.3,12.61,12,11,34
146.4199,-37.5313,2021,10,4,0.9,15,14,41,23
146.4092,-37.4909,2021,10,4,0.6,15.13,15,55,20
146.4008,-37.5129,2021,10,4,1.1,14.54,17,5,34
146.3595,-37.3798,2021,10,4,0.8,11.16,19,6,33
146.4004,-37.5215,2021,10,4,0.9,16.81,20,3,55
146.3522,-37.5046,2021,10,4,2.8,7.24,20,17,46
146.409,-37.4716,2021,10,4,2.4,9.86,20,46,34
146.4043,-37.4988,2021,10,4,3,7.65,22,13,1
146.3857,-37.497,2021,10,5,0.6,14.24,0,0,0
146.4176,-37.5187,2021,10,5,1,15.57,9,18,31
146.4191,-37.5326,2021,10,5,1.4,13.17,11,18,43
146.4521,-37.5161,2021,10,5,0.5,12.72,12,13,51
146.1139,-37.4273,2021,10,5,1.4,10.4,14,2,27
146.4218,-37.4906,2021,10,5,0.5,10.66,14,54,31
146.4033,-37.4919,2021,10,5,0.3,16.12,15,39,25
146.3925,-37.4856,2021,10,5,3,10.51,17,12,6
146.4038,-37.5094,2021,10,6,1.1,12.33,1,46,44
146.3954,-37.4977,2021,10,6,0.5,15.99,2,28,44
146.3969,-37.5007,2021,10,6,1,14.73,4,10,6
146.4246,-37.5092,2021,10,6,0.5,12.68,5,5,47
146.3731,-37.4845,2021,10,6,0.4,10.69,5,49,29
146.3938,-37.5135,2021,10,6,0.7,16.63,9,16,54
146.4039,-37.4915,2021,10,6,0.4,13.74,11,1,48
146.3942,-37.4887,2021,10,6,0.8,16.37,11,16,31
146.3897,-37.5303,2021,10,6,0.8,13.1,11,41,46
146.4079,-37.5323,2021,10,6,0.8,17.22,16,33,25
146.3868,-37.472,2021,10,6,1,16.03,18,20,6
146.414,-37.4873,2021,10,6,0.4,15.07,21,52,7
146.4384,-37.5312,2021,10,6,0.7,12.68,23,48,25
146.4195,-37.5262,2021,10,7,0.8,11.86,0,28,56
146.4098,-37.5189,2021,10,7,0.7,12.75,1,47,17
146.4144,-37.5202,2021,10,7,0.5,10.18,2,20,38
146.3988,-37.5026,2021,10,7,0.6,11.04,3,18,41
146.418,-37.5194,2021,10,7,0.9,13.26,5,35,59
146.3963,-37.4985,2021,10,7,2.7,12.83,7,41,48
146.4015,-37.4826,2021,10,7,1.4,11.15,7,58,59
146.4182,-37.537,2021,10,7,0.9,12.24,8,47,28
146.4151,-37.5155,2021,10,7,0.5,13.22,10,27,26
146.4064,-37.5119,2021,10,7,0.2,12.13,10,38,18
146.4028,-37.5061,2021,10,7,0.5,12.7,10,43,12
146.3852,-37.4644,2021,10,7,0.5,13.21,13,5,31
146.3926,-37.4642,2021,10,7,0.2,16.54,13,25,21
146.3152,-37.5049,2021,10,7,0.1,11.47,14,8,43
146.3368,-37.4778,2021,10,7,0,11.44,15,3,53
146.3191,-37.5502,2021,10,7,0.4,12.71,15,10,59
146.3709,-37.4533,2021,10,7,0.1,8.86,18,46,44
146.3961,-37.5088,2021,10,7,0.5,14.28,18,54,49
146.4132,-37.4777,2021,10,7,0.7,10.26,20,37,31
146.4651,-37.4447,2021,10,8,0.9,10.7,6,16,56
146.4271,-37.5082,2021,10,8,0.7,16.8,9,48,51
146.4021,-37.4544,2021,10,8,0.6,12.05,11,24,57
146.4089,-37.4855,2021,10,8,0.8,12.48,11,50,35
146.384,-37.4279,2021,10,8,0.4,12.22,11,55,9
146.4183,-37.4996,2021,10,8,0.6,12.08,21,49,11
146.4159,-37.5088,2021,10,8,0.7,11,23,14,34
146.3572,-37.6242,2021,10,9,0.5,16.94,9,20,7
146.4221,-37.4979,2021,10,9,0.8,9.83,10,27,17
146.3527,-37.3207,2021,10,9,1.2,12.37,13,52,59
146.4207,-37.5169,2021,10,9,0.7,11.36,14,44,3
146.4231,-37.5047,2021,10,9,0.4,10.33,20,21,18
146.3925,-37.4865,2021,10,9,1.2,15.53,20,54,25
146.4107,-37.5158,2021,10,9,0.6,11.4,22,15,45
146.4087,-37.4777,2021,10,9,1.4,10.17,22,50,12
146.4293,-37.5202,2021,10,10,1,15,1,41,4
146.4027,-37.4775,2021,10,10,1.3,9.37,1,50,5
146.4273,-37.4872,2021,10,10,1,12.86,3,6,47
146.3957,-37.538,2021,10,10,1.2,15.2,6,23,59
146.3829,-37.5748,2021,10,10,0.3,11.07,10,22,49
146.4168,-37.5264,2021,10,10,1.8,7.2,11,28,9
146.3989,-37.5145,2021,10,10,0.5,13.5,13,28,56
146.4058,-37.5091,2021,10,10,2.3,10.19,14,53,31
146.389,-37.5126,2021,10,10,0.3,11.46,22,9,10
146.3996,-37.5326,2021,10,10,0.9,10.26,23,8,41
146.4065,-37.4804,2021,10,11,0.3,18.43,7,22,49
146.4112,-37.523,2021,10,11,1.2,15.26,7,25,45
146.4019,-37.5238,2021,10,11,0.3,11.85,8,25,13
146.3952,-37.6489,2021,10,11,0.4,11.34,15,18,36
146.4017,-37.4614,2021,10,11,0.7,12.12,16,33,21
146.0821,-37.4389,2021,10,11,1.2,9.47,18,36,37
146.4096,-37.5461,2021,10,12,0.4,6.4,0,56,55
146.3855,-37.5087,2021,10,12,0.8,8.12,3,27,27
146.6198,-37.3962,2021,10,12,0.6,12.1,3,32,44
146.3965,-37.4961,2021,10,12,1.2,14.56,8,4,36
146.4093,-37.5333,2021,10,12,1.5,13.32,8,45,8
146.4458,-37.5338,2021,10,12,0.2,9.97,8,49,30
146.4215,-37.5382,2021,10,12,1.1,11.41,8,53,14
146.3689,-37.4013,2021,10,12,1.2,12.34,11,58,16
146.3771,-37.44,2021,10,12,0.9,8.98,11,58,30
146.3768,-37.3975,2021,10,12,1.3,13.16,11,58,41
146.3741,-37.4157,2021,10,12,0.3,11.17,11,58,55
146.3643,-37.411,2021,10,12,0.5,10.62,11,59,19
146.4039,-37.4459,2021,10,12,0.3,10.99,12,16,10
146.3758,-37.4023,2021,10,12,0.6,11.46,12,35,13
146.406,-37.5049,2021,10,12,1.2,13.31,12,38,3
146.2058,-37.4491,2021,10,12,0.2,10.21,15,7,42
146.4382,-37.528,2021,10,12,0,13.39,16,19,46
146.4012,-37.4958,2021,10,12,0.5,12.04,20,44,36
146.4077,-37.5099,2021,10,12,1,13.19,21,48,48
146.4167,-37.5174,2021,10,13,1.3,10.02,0,7,16
146.442,-37.5406,2021,10,13,0.6,12.68,0,17,30
146.4052,-37.5147,2021,10,13,0.9,14.23,7,32,31
146.3151,-37.5764,2021,10,13,0.3,13.32,9,18,41
146.2578,-37.8194,2021,10,13,0.3,11.25,10,46,14
146.3869,-37.755,2021,10,13,0.3,11.08,11,28,44
146.3864,-37.1367,2021,10,13,1.1,10.56,13,18,41
146.3836,-37.4876,2021,10,13,0.5,17.58,13,42,26
146.2211,-37.5122,2021,10,13,0.1,18.01,14,14,56
146.4125,-37.474,2021,10,13,0.3,14.36,17,3,3
146.384,-37.4774,2021,10,13,0.6,10.22,21,5,16
146.4503,-37.5324,2021,10,14,1.2,13.55,1,31,9
146.4046,-37.4958,2021,10,14,2,9.42,4,10,50
146.4139,-37.5031,2021,10,14,1.7,11.09,6,24,51
146.4042,-37.5316,2021,10,14,0.6,11.37,11,9,45
146.4049,-37.5092,2021,10,14,0.5,12.76,15,43,5
146.4024,-37.4916,2021,10,14,1.5,15.3,17,33,11
146.3787,-37.4936,2021,10,14,-0.1,10.64,18,20,31
146.4102,-37.5415,2021,10,14,0.6,11.81,20,53,57
146.4332,-37.4956,2021,10,14,0.3,8.76,23,44,31
146.4238,-37.4902,2021,10,15,0.2,13.22,1,37,28
146.4036,-37.5288,2021,10,15,0.5,9.59,2,42,37
146.4234,-37.5322,2021,10,15,1.7,12.66,10,19,23
146.3783,-37.532,2021,10,15,0.7,15.98,12,45,57
146.3502,-37.509,2021,10,15,0.2,14.11,15,7,31
146.4063,-37.5029,2021,10,15,0,10.31,15,12,20
146.459,-37.6808,2021,10,15,0.5,6.79,17,13,41
146.4464,-37.5299,2021,10,15,0.9,11.49,18,0,7
146.4077,-37.5181,2021,10,15,2.6,10.63,18,4,39
146.4093,-37.4864,2021,10,15,2.6,11.11,21,10,4
146.4107,-37.5258,2021,10,15,0.6,13.69,23,49,22
146.4291,-37.517,2021,10,16,2,15.41,0,3,45
146.372,-37.6524,2021,10,16,0.8,11.59,3,17,55
146.4058,-37.4976,2021,10,16,0.9,12.3,5,32,8
146.4065,-37.5164,2021,10,16,0.5,17.04,6,2,13
146.2854,-37.5922,2021,10,16,0,11.38,9,18,38
146.4133,-37.5032,2021,10,16,0.5,14.66,11,50,30
146.4094,-37.4861,2021,10,16,0.7,10.27,14,28,35
146.3991,-37.4912,2021,10,16,0.5,10.78,14,43,33
146.4175,-37.5141,2021,10,16,1.4,11.31,16,45,0
146.4052,-37.5054,2021,10,16,0.6,15,17,20,25
146.3974,-37.5045,2021,10,16,0.6,14.7,21,17,57
146.4127,-37.4989,2021,10,16,0.6,12.31,21,43,40
146.4127,-37.5097,2021,10,17,1.2,12.3,6,3,48
146.411,-37.4613,2021,10,17,0.7,12.23,6,47,59
146.3974,-37.5113,2021,10,17,0.4,13.72,6,49,7
146.4223,-37.4578,2021,10,17,1.2,11.35,10,6,28
146.2138,-37.6208,2021,10,17,0.1,10.47,10,8,47
146.4028,-37.4921,2021,10,17,0.6,14.75,10,42,31
146.4157,-37.5412,2021,10,17,0.4,12.94,14,47,17
146.4092,-37.4894,2021,10,17,0.7,13.67,15,17,27
146.1055,-37.6603,2021,10,17,0.5,10.43,17,16,5
146.4206,-37.4736,2021,10,17,0.5,9.67,17,20,36
146.399,-37.3797,2021,10,17,0.5,10.78,18,30,19
146.4131,-37.5049,2021,10,17,1,10.13,19,50,29
146.4146,-37.486,2021,10,17,1.1,9.49,22,8,48
146.405,-37.5216,2021,10,18,1,13.63,2,6,41
146.2569,-37.4088,2021,10,18,0.8,14.84,3,46,1
146.1072,-37.499,2021,10,18,0.5,12.76,6,8,58
146.3922,-37.5098,2021,10,18,0.5,11.22,9,26,13
146.4116,-37.5197,2021,10,18,0.7,12.99,10,21,59
146.2495,-37.8088,2021,10,18,0.2,10.02,10,38,42
146.5771,-37.5234,2021,10,19,1.2,9.06,6,4,50
146.3292,-37.5776,2021,10,19,0.4,10.52,7,19,19
146.4159,-37.5166,2021,10,19,0.3,9.08,12,40,51
146.4018,-37.5126,2021,10,19,2.5,14.71,16,29,4
146.3717,-37.5107,2021,10,19,0.5,11.96,18,9,46
146.4208,-37.6217,2021,10,19,1.2,10.55,21,0,17
146.4096,-37.5079,2021,10,19,1,14.84,22,28,24
146.4193,-37.494,2021,10,20,0.4,12.28,12,31,30
146.4047,-37.507,2021,10,20,0.6,16,12,42,26
146.4083,-37.4978,2021,10,20,0.4,11.05,18,57,56
146.4155,-37.5173,2021,10,20,1.7,11.15,22,17,26
146.381,-37.5374,2021,10,20,0.6,15,23,0,51
146.407,-37.4927,2021,10,21,2.2,11.36,8,7,32
146.4291,-37.5208,2021,10,21,0.7,12.43,14,9,37
146.4341,-37.5292,2021,10,21,0.6,7.51,15,0,1
146.4514,-37.5033,2021,10,21,0.7,12.62,19,43,47
146.4411,-37.8374,2021,10,22,0.4,12.03,2,43,35
146.4406,-37.6418,2021,10,22,0.8,11.83,5,12,11
146.3891,-37.5004,2021,10,22,0.3,4.89,8,58,41
146.4007,-37.4962,2021,10,22,0.5,14.31,13,2,25
146.4255,-37.4736,2021,10,22,0.5,15.92,14,39,14
146.4066,-37.5215,2021,10,22,0.4,11.55,15,51,3
146.406,-37.4719,2021,10,22,1.3,11.97,16,52,19
146.3975,-37.531,2021,10,22,1.1,15.28,18,9,0
146.4376,-37.5139,2021,10,23,2.6,13.13,3,33,21
146.4184,-37.5326,2021,10,23,1.1,10,3,39,49
146.4095,-37.4883,2021,10,23,1.1,10.84,6,33,12
146.4337,-37.5369,2021,10,23,1,9.54,8,39,49
146.3663,-37.5262,2021,10,23,1.2,12.24,10,8,5
146.4148,-37.52,2021,10,23,1.5,10.52,12,35,14
146.4044,-37.5228,2021,10,23,0.8,17.05,21,12,41
146.4208,-37.5022,2021,10,24,1,9.99,3,45,8
146.3828,-37.5155,2021,10,24,0.7,10.56,8,20,29
146.3872,-37.49,2021,10,24,0.6,16.9,10,39,9
146.3321,-37.5149,2021,10,24,0.2,10.8,12,45,26
146.422,-37.3488,2021,10,24,1.2,5.88,13,48,45
146.405,-37.4604,2021,10,24,0.4,10.43,14,42,35
146.4087,-37.5443,2021,10,24,0.5,10.95,14,53,43
146.4188,-37.5036,2021,10,24,1.6,11.51,17,14,13
146.6427,-37.1299,2021,10,24,1,6.46,18,10,28
146.4074,-37.4301,2021,10,25,1.3,11.27,13,18,39
146.4157,-37.5308,2021,10,25,1.2,11.48,13,55,39
146.4137,-37.5103,2021,10,25,0.7,12.84,15,6,40
146.3419,-37.4011,2021,10,25,0.4,10.64,15,11,37
146.4118,-37.5277,2021,10,25,0.5,12.81,15,58,45
146.4013,-37.5054,2021,10,25,0.6,13.63,17,38,3
146.3951,-37.6602,2021,10,26,1.2,15.47,1,7,20
146.7566,-37.5655,2021,10,26,0.6,10.5,4,32,9
146.3949,-37.5035,2021,10,26,1.4,15.55,10,32,26
146.3943,-37.5138,2021,10,26,0.7,14.87,12,7,4
146.4002,-37.545,2021,10,26,0.9,13.03,13,30,55
146.4286,-37.4649,2021,10,26,0.6,12.81,15,37,59
146.4052,-37.4961,2021,10,26,0.6,11.92,19,57,11
146.4302,-37.5222,2021,10,26,0.3,11.39,20,15,20
146.4361,-37.4913,2021,10,27,1,5,3,7,31
146.4305,-37.4925,2021,10,27,0.9,10.53,3,9,3
146.4275,-37.526,2021,10,27,1,13.36,11,11,18
146.3839,-37.5097,2021,10,27,0.5,13.98,18,25,0
146.4041,-37.5044,2021,10,28,0.7,11.85,6,1,50
146.4548,-37.5943,2021,10,28,1,11.19,6,3,39
146.3961,-37.4876,2021,10,28,0.8,14.72,9,24,58
146.4091,-37.4982,2021,10,28,0.7,11.22,14,3,16
146.4047,-37.5611,2021,10,29,0.6,11.59,10,36,29
146.3861,-37.5459,2021,10,29,0.4,12.43,14,43,7
146.4191,-37.4825,2021,10,29,0.6,11.94,14,47,36
146.4109,-37.5086,2021,10,29,0.6,12.97,15,49,37
146.3991,-37.5109,2021,10,29,1.1,17.91,17,23,9
146.4166,-37.5035,2021,10,29,1.4,11.1,18,59,58
146.425,-37.5005,2021,10,29,2.1,11.63,20,45,18
146.3119,-37.3709,2021,10,30,1.2,11.66,0,43,58
146.3867,-37.4996,2021,10,30,0.7,13.96,6,37,56
146.4067,-37.5126,2021,10,30,0.9,15.01,13,1,14
146.2961,-37.3853,2021,10,30,0.4,9.9,13,26,35
146.351,-37.5326,2021,10,30,0.3,11.45,14,43,23
146.3946,-37.5006,2021,10,30,0.3,14.65,14,47,43
146.4181,-37.506,2021,10,30,0.3,10.64,16,8,37
146.4274,-37.5238,2021,10,30,0.3,9.1,17,2,58
146.3961,-37.5005,2021,10,30,0.7,8.98,22,34,3
146.3995,-37.525,2021,10,30,0.9,16.31,23,8,23
146.432,-37.5078,2021,10,31,0.9,11.36,5,6,26
146.4038,-37.5104,2021,10,31,2,9.83,6,27,25
146.4085,-37.4853,2021,10,31,0.6,14.2,8,9,33
146.3921,-37.5022,2021,10,31,0.5,17.24,18,44,14
146.3564,-37.3303,2021,11,1,0.4,12.27,13,53,24
146.4089,-37.5245,2021,11,1,1.2,13.14,20,1,0
146.4112,-37.5012,2021,11,2,0.4,11.02,9,18,43
146.4138,-37.4943,2021,11,2,0.8,11.82,10,41,43
146.3963,-37.4922,2021,11,2,0.4,11.5,11,2,56
146.1187,-37.4498,2021,11,2,2.9,10.47,18,13,20
146.4091,-37.5343,2021,11,2,1.9,15.3,21,36,2
146.43,-37.5156,2021,11,3,0.8,12.12,5,57,40
146.4052,-37.5207,2021,11,3,2.4,17.79,8,22,47
146.3897,-37.4896,2021,11,3,0.8,15,17,45,24
146.3862,-37.5086,2021,11,3,1.5,18.27,19,2,55
146.4127,-37.5238,2021,11,4,0.8,12.02,8,57,5
146.3996,-37.5291,2021,11,4,1.2,12.56,9,58,22
146.4816,-37.6107,2021,11,4,0.4,6.17,18,27,45
146.3387,-37.5766,2021,11,4,0.4,8.42,19,9,15
146.4132,-37.5351,2021,11,7,1,11.23,6,46,37
146.4227,-37.5044,2021,11,7,0.2,9.97,9,31,27
146.4119,-37.5087,2021,11,7,0.4,11.69,12,21,44
146.4362,-37.5043,2021,11,7,0,13.66,15,8,42
146.3684,-37.5208,2021,11,7,0.8,16.98,15,10,46
146.4174,-37.7672,2021,11,7,0.1,10.16,17,58,7
146.3558,-37.5284,2021,11,7,0.3,10.19,20,3,58
146.4137,-37.4958,2021,11,8,0.3,10.22,3,13,44
146.4185,-37.5097,2021,11,8,1.6,13.27,6,59,2
146.4087,-37.5127,2021,11,8,1.6,15.8,9,2,37
146.4335,-37.522,2021,11,8,0.2,10.89,11,13,32
146.4478,-37.5139,2021,11,8,0.6,11.45,12,40,6
146.4031,-37.5096,2021,11,8,1.1,14.37,18,5,15
146.4004,-37.4824,2021,11,8,0.4,11.17,20,5,25
146.3749,-37.5371,2021,11,9,0.3,15,14,37,21
146.3939,-37.5107,2021,11,9,0.6,12.49,16,26,48
146.4112,-37.5064,2021,11,9,0.4,17.04,18,34,25
146.4185,-37.5252,2021,11,10,2.5,12.95,1,10,53
146.4657,-37.656,2021,11,10,1.4,13.6,16,46,39
146.4859,-37.6604,2021,11,10,0.4,10,16,47,32
146.3419,-37.883,2021,11,10,0.3,11.45,17,24,28
146.3246,-37.3573,2021,11,10,0.9,9.77,18,51,5
146.2847,-37.4224,2021,11,10,0.4,13.74,18,51,33
146.2542,-37.3871,2021,11,10,0.3,9.9,18,51,38
146.3388,-37.5416,2021,11,10,1.8,12.95,21,51,15
146.3414,-37.543,2021,11,10,1.8,12.53,21,54,58
146.4112,-37.4856,2021,11,11,1,11.37,3,24,38
146.3089,-37.6015,2021,11,11,0.3,10.85,16,15,10
146.4419,-37.5191,2021,11,12,1.1,9.85,11,55,36
146.4106,-37.521,2021,11,12,0.6,15,22,22,33
146.36,-37.4516,2021,11,13,0.8,10.3,3,52,35
146.3971,-37.5264,2021,11,13,0.3,9.42,14,35,42
146.3578,-37.4035,2021,11,14,0.9,18.58,6,5,40
146.3366,-37.4668,2021,11,14,0.4,10.01,12,59,49
146.3894,-37.4918,2021,11,15,0.6,14.46,3,14,33
146.394,-37.5133,2021,11,15,0.8,16.23,7,51,20
146.4076,-37.5074,2021,11,15,0.6,15.23,11,27,5
146.3537,-37.4639,2021,11,15,0.3,13.66,16,29,22
146.4203,-37.5039,2021,11,15,1,14.11,19,45,8
146.4115,-37.5371,2021,11,16,0.7,14.23,1,58,29
146.4231,-37.5148,2021,11,16,0.5,11.19,2,23,25
146.4155,-37.5437,2021,11,16,0.3,10.67,8,44,47
146.4097,-37.5232,2021,11,16,1.1,12.29,10,32,53
146.4077,-37.5086,2021,11,16,0.5,17.14,12,54,38
146.4115,-37.4928,2021,11,16,0.3,8.98,14,20,0
146.429,-37.5062,2021,11,16,0.5,10.51,18,27,58
146.4206,-37.5304,2021,11,17,0.8,15.42,1,54,39
146.2841,-37.5576,2021,11,17,0.5,12.98,16,4,44
146.407,-37.4927,2021,11,17,1,10.17,16,8,24
146.392,-37.5203,2021,11,18,0.2,15.3,14,11,54
146.408,-37.4916,2021,11,18,0.8,13.61,18,50,19
146.4253,-37.5513,2021,11,19,0.5,10.43,8,21,35
146.4152,-37.5386,2021,11,19,-0.1,9.2,8,40,20
146.3988,-37.4996,2021,11,19,0.4,10.79,8,56,26
146.9228,-37.3699,2021,11,19,0.6,12.03,10,28,41
146.4108,-37.5256,2021,11,19,0.1,10.26,12,33,21
146.4134,-37.5056,2021,11,19,2.2,14.01,20,6,0
146.5123,-37.433,2021,11,20,1.9,13.52,3,38,29
146.4123,-37.4987,2021,11,20,1.1,11.58,16,57,55
146.3529,-37.4905,2021,11,20,0.3,11.77,18,24,45
146.4087,-37.506,2021,11,21,1.3,11.14,8,45,52
146.3745,-37.5001,2021,11,22,0.5,11.08,10,33,22
146.4131,-37.5055,2021,11,23,0.8,16.61,0,17,30
146.4405,-37.5404,2021,11,24,0.3,10.54,3,2,6
146.4006,-37.4909,2021,11,24,0.6,14.93,7,0,33
146.3972,-37.5028,2021,11,24,0.5,18,9,32,31
146.4148,-37.5023,2021,11,24,1.3,10.57,11,50,32
146.3631,-37.6214,2021,11,24,0.4,12.08,12,36,13
146.3698,-37.1973,2021,11,24,0.9,9.64,17,6,27
146.3005,-37.6071,2021,11,24,0.3,11.71,17,8,26
146.395,-37.4716,2021,11,24,2.1,14.05,18,16,56
146.4199,-37.4165,2021,11,24,0.8,12.23,19,26,17
146.3951,-37.5164,2021,11,25,1,17.17,9,44,32
146.3882,-37.5311,2021,11,25,0.8,14.34,11,0,2
146.4019,-37.5273,2021,11,27,0.6,10.2,14,56,40
146.4235,-37.627,2021,11,27,0.4,11.64,18,57,46
146.3652,-37.4175,2021,11,27,0.8,14.03,21,27,7
146.4224,-37.5272,2021,11,28,1.9,13.87,1,20,8
146.3134,-37.4856,2021,11,28,0.6,12.32,7,41,54
146.416,-37.5083,2021,11,29,0.9,11.2,16,51,41
146.4091,-37.5051,2021,11,29,1.8,15,21,33,43
146.4083,-37.5065,2021,11,30,1.7,15.61,0,46,50
146.4,-37.4616,2021,11,30,0.7,11.47,2,42,22
146.4124,-37.5092,2021,11,30,0.4,12.79,14,5,9
146.4023,-37.6482,2021,11,30,0.8,12.02,21,33,48
146.407,-37.4669,2021,12,1,0.5,10.78,15,22,3
146.4227,-37.5093,2021,12,1,1.1,10.08,19,19,4
146.4149,-37.5239,2021,12,2,0.9,17.75,2,7,24
146.4021,-37.5253,2021,12,2,0.7,13.69,6,51,31
146.423,-37.5091,2021,12,2,0.7,11.5,11,31,45
146.4139,-37.5005,2021,12,2,1.3,10.87,14,56,45
146.4069,-37.525,2021,12,3,1,15.21,0,51,53
146.4366,-37.5179,2021,12,3,0.4,4.5,15,1,22
146.4108,-37.5181,2021,12,3,0.5,10.57,22,33,37
146.4106,-37.5057,2021,12,4,0.6,16.85,11,18,28
146.3952,-37.4801,2021,12,4,1.1,12.61,17,45,18
146.3959,-37.4942,2021,12,5,1,11.7,6,57,24
146.407,-37.5188,2021,12,5,1.1,13.91,16,9,48
146.4002,-37.4817,2021,12,5,1,10.74,23,26,14
146.4209,-37.5406,2021,12,7,0.7,11.38,8,7,52
146.3677,-37.5104,2021,12,8,0.7,19.55,0,48,0
146.4057,-37.4735,2021,12,8,0.9,12.52,0,50,23
146.393,-37.5201,2021,12,9,0.8,14.31,23,24,38
146.4176,-37.5298,2021,12,10,1.3,10.42,5,37,38
146.5251,-37.4278,2021,12,10,2,13.62,8,30,55
146.3896,-37.4935,2021,12,10,0.5,11.24,10,41,35
146.4141,-37.5196,2021,12,10,2.1,13.47,19,58,32
146.4169,-37.4952,2021,12,10,1.2,11.88,22,10,2
146.3749,-37.637,2021,12,11,0.4,10.12,9,23,32
146.41,-37.4801,2021,12,11,1,12.04,10,49,58
146.3997,-37.5001,2021,12,11,1,13.9,14,58,28
146.4234,-37.509,2021,12,11,0.6,11.93,15,59,38
146.4127,-37.5413,2021,12,12,0.6,11.08,2,39,5
146.3941,-37.4987,2021,12,12,0.7,10.01,5,21,29
146.4111,-37.4912,2021,12,12,0.7,10.91,14,16,10
146.4158,-37.5109,2021,12,13,0.7,15.25,6,58,28
146.4178,-37.5233,2021,12,13,0.5,10.81,10,17,50
146.4215,-37.5008,2021,12,14,1.6,14.04,4,52,37
146.4135,-37.5159,2021,12,14,0.5,15.94,10,23,38
146.3701,-37.5009,2021,12,14,0.3,9.96,10,54,21
146.4133,-37.508,2021,12,14,0.6,13.49,12,47,45
146.4149,-37.5247,2021,12,14,0.8,13.74,20,23,24
146.3979,-37.4926,2021,12,15,0.6,9.66,7,48,54
146.4451,-37.5216,2021,12,15,0.3,9.95,8,12,11
146.4119,-37.5011,2021,12,15,0.6,15.89,10,24,14
146.4092,-37.5235,2021,12,15,2,13.3,17,41,28
146.4089,-37.4866,2021,12,15,0.6,12.75,19,47,18
146.5143,-37.4352,2021,12,17,1.2,17.68,1,8,12
146.4006,-37.5048,2021,12,17,1.9,13.36,7,29,46
146.1831,-37.6079,2021,12,19,0.4,19.38,12,2,16
146.3882,-37.5029,2021,12,19,0.4,12.93,19,59,38
146.3951,-37.5855,2021,12,20,0.4,9.25,10,21,36
146.4009,-37.494,2021,12,20,0.7,16.17,12,55,30
146.3963,-37.509,2021,12,21,0.2,5.97,9,57,43
146.3478,-37.534,2021,12,22,0.3,13.54,18,38,35
146.3915,-37.5324,2021,12,22,0.4,10.6,19,8,16
146.393,-37.4915,2021,12,22,0.8,14.01,20,18,38
146.3875,-37.4924,2021,12,22,0.4,15.85,22,23,32
146.3888,-37.5143,2021,12,23,0.6,15.73,1,47,54
146.4099,-37.505,2021,12,23,0.8,13.08,2,43,35
146.392,-37.5307,2021,12,23,0.8,14.66,2,54,58
146.4128,-37.483,2021,12,24,1.2,12.99,1,38,18
146.3802,-37.4372,2021,12,24,0.7,11.92,2,38,4
146.4143,-37.5165,2021,12,24,1.6,14.22,3,46,2
146.4225,-37.4549,2021,12,24,0.6,14.39,7,26,3
146.3473,-37.5441,2021,12,24,0.5,18.47,11,34,18
146.4278,-37.5235,2021,12,24,2,14.84,14,57,12
146.4381,-37.9057,2021,12,25,0.6,10.63,8,39,59
146.4123,-37.5185,2021,12,25,0.4,10.93,10,28,33
146.3322,-37.5253,2021,12,25,0.5,9.09,10,35,25
146.3585,-37.3763,2021,12,25,0.5,13.92,15,53,56
146.3796,-37.5374,2021,12,27,0.6,18.53,14,22,25
146.3893,-37.5073,2021,12,28,0.5,10,7,25,30
146.4198,-37.521,2021,12,29,2.2,11.54,6,38,50
146.3965,-37.5045,2021,12,29,0.7,17.41,7,21,48
146.4108,-37.5003,2021,12,29,2.3,13.66,18,56,32
146.4031,-37.4926,2021,12,30,0.9,17.05,4,20,45
146.363,-37.519,2021,12,30,0.6,10.24,18,33,32
146.4132,-37.5395,2021,12,30,0.7,11.25,21,59,8
146.408,-37.4856,2021,12,31,0.7,13.3,10,0,58
146.7492,-37.5152,2021,12,31,0.5,11.8,10,56,5
146.4117,-37.5109,2022,1,1,0.7,13.16,6,8,53
146.4063,-37.5311,2022,1,1,0.5,13.48,10,46,0
146.4041,-37.491,2022,1,1,1.5,12.42,13,43,26
146.4181,-37.5316,2022,1,2,0.4,9.38,9,51,32
146.4089,-37.4744,2022,1,2,0.5,9.91,11,3,5
146.3896,-37.5188,2022,1,2,0.4,11.45,11,47,13
146.3881,-37.5048,2022,1,2,1.7,16.65,15,6,48
146.4019,-37.499,2022,1,2,0.7,12.61,15,9,50
146.4075,-37.5012,2022,1,2,1.7,12.29,21,56,22
146.3889,-37.4718,2022,1,3,0.7,15.13,14,36,44
146.4279,-37.507,2022,1,3,1.3,11.74,23,22,12
146.3994,-37.5166,2022,1,4,0.6,12.57,12,14,47
146.3342,-37.5305,2022,1,4,1.1,14.76,20,56,45
146.2562,-37.2604,2022,1,5,1,22.96,7,12,6
146.3427,-37.5426,2022,1,5,1.7,14,11,48,53
146.4139,-37.4938,2022,1,5,0.9,12.55,14,49,33
146.4238,-37.5438,2022,1,7,0.5,12.72,6,58,22
146.4104,-37.5466,2022,1,8,0.7,14.71,4,36,3
146.3891,-37.5172,2022,1,9,1.1,16.23,16,19,19
146.4238,-37.5395,2022,1,10,0.9,11.29,3,26,49
146.3884,-37.5162,2022,1,10,0.4,13.7,9,15,38
146.4092,-37.5013,2022,1,10,1.7,12.6,16,30,23
146.3975,-37.4437,2022,1,11,1.9,13.17,9,46,1
146.3946,-37.5284,2022,1,11,1,14.1,12,7,29
146.395,-37.4941,2022,1,12,2,15.73,3,15,29
146.4117,-37.492,2022,1,13,0.8,12.05,2,3,45
146.3532,-37.5151,2022,1,13,1.5,8.46,13,55,0
146.4198,-37.5052,2022,1,14,0.6,11.97,4,54,30
146.4095,-37.4842,2022,1,14,0.9,14.38,8,44,30
146.2817,-37.8562,2022,1,14,0.7,15.48,17,8,43
146.3988,-37.5278,2022,1,17,1.7,15.69,3,49,6
146.4103,-37.5175,2022,1,17,0.6,12.87,12,47,41
146.4127,-37.5131,2022,1,18,1,13.61,6,12,27
146.4058,-37.5288,2022,1,18,1.5,12.32,21,53,20
146.3755,-37.5332,2022,1,19,0.9,16.08,5,17,49
146.4065,-37.5188,2022,1,19,1.5,14.27,7,20,1
146.4238,-37.5238,2022,1,19,0.4,12.86,11,54,25
146.3212,-37.353,2022,1,19,0.9,11.09,20,23,45
146.3441,-37.4807,2022,1,19,0.9,12.43,21,33,26
146.3559,-37.5134,2022,1,20,0.5,12.59,11,50,21
146.4024,-37.5094,2022,1,20,0.6,11.37,13,2,0
146.2747,-37.2878,2022,1,20,0.6,13.12,17,53,14
146.3929,-37.4464,2022,1,21,0.7,14.84,5,55,29
146.4139,-37.4865,2022,1,22,0.7,12.4,9,20,33
146.3849,-37.5336,2022,1,24,0.3,12.69,13,24,37
146.4156,-37.5216,2022,1,25,0.4,10.63,12,36,1
146.4479,-37.5349,2022,1,25,0.6,12.07,18,14,40
146.4137,-37.4526,2022,1,25,0.7,9.64,21,4,26
146.4469,-37.498,2022,1,26,1.3,14.61,4,19,12
146.4178,-37.5839,2022,1,26,0.7,10.2,9,8,9
146.4161,-37.5352,2022,1,29,2.9,13.92,16,12,48
146.4161,-37.524,2022,1,29,1.1,10.41,23,0,59
146.4242,-37.4963,2022,1,30,0.9,5,8,18,36
146.4142,-37.5346,2022,1,30,0.7,12.5,17,43,59
146.4324,-37.5243,2022,1,30,1.6,14.26,19,36,44
146.3968,-37.5469,2022,1,31,0.3,9.88,10,0,10
146.4411,-37.5149,2022,2,1,1.1,12.85,11,19,10
146.4024,-37.5353,2022,2,2,3.2,11.96,16,15,30
146.4044,-37.4785,2022,2,2,1.1,10.8,18,7,11
146.3706,-37.5023,2022,2,3,0.5,10.59,15,21,25
146.3886,-37.4825,2022,2,4,1,15.7,4,51,26
146.406,-37.5135,2022,2,4,0.6,15.6,13,10,44
146.4305,-37.7234,2022,2,4,1.3,10.34,14,36,58
146.4061,-37.518,2022,2,5,1.1,11.97,15,57,30
146.373,-37.5351,2022,2,6,0.6,17.34,2,47,32
146.4534,-37.6319,2022,2,7,0.1,10.28,11,32,25
146.3894,-37.5108,2022,2,9,0.5,13.71,10,0,42
146.4293,-37.5141,2022,2,10,1.4,14.26,4,42,26
146.3289,-37.5562,2022,2,10,0.5,9.57,14,48,24
146.4192,-37.4979,2022,2,11,1.1,11.66,15,20,9
146.4261,-37.5087,2022,2,15,0.9,11.93,4,35,16
146.4051,-37.443,2022,2,15,0.7,17.03,8,19,46
146.4013,-37.5154,2022,2,16,1.2,15.2,0,49,16
146.3658,-37.5314,2022,2,16,0.3,14.44,14,42,5
146.4032,-37.4911,2022,2,18,1.4,13.85,7,39,34
146.3768,-37.5979,2022,2,18,0.8,10.2,16,49,58
146.4286,-37.5232,2022,2,20,1.1,18.59,5,43,20
146.4834,-37.4235,2022,2,20,0.8,19.17,20,0,41
146.3981,-37.486,2022,2,20,1.1,12.27,22,9,59
146.4369,-37.4854,2022,2,21,1.1,12.21,18,45,13
146.4309,-37.48,2022,2,23,1,14.31,7,58,2
146.0918,-37.4203,2022,2,24,0.9,12.24,4,43,9
146.3976,-37.5298,2022,2,24,0.6,11.71,14,24,19
146.5657,-37.2367,2022,2,25,1.1,9.13,4,59,18
146.3823,-37.5079,2022,2,27,0.5,12.98,14,28,5
146.3899,-37.4956,2022,2,27,0.9,12.91,18,5,53
146.3972,-37.4896,2022,2,27,1.4,11.65,19,59,46
146.4241,-37.537,2022,2,28,1.1,12.19,2,18,46
146.4373,-37.5409,2022,2,28,0.4,12.15,14,51,52
146.4161,-37.5265,2022,3,1,1.6,12.63,7,14,16
146.5299,-37.8799,2022,3,2,1.2,14.93,14,1,4
146.4329,-37.4861,2022,3,2,0.9,12.01,16,4,14
146.3897,-37.5236,2022,3,3,0.4,12.74,16,15,38
146.4017,-37.4972,2022,3,5,0.9,16.42,10,27,27
146.4245,-37.5433,2022,3,5,0.8,10.63,15,52,18
146.2691,-37.2042,2022,3,6,1.4,5.09,13,30,31
146.4158,-37.4861,2022,3,7,1.4,13.05,8,47,31
146.382,-37.5133,2022,3,7,0.9,9.82,19,26,21
146.4016,-37.4954,2022,3,9,0.9,13,21,36,14
146.4161,-37.485,2022,3,10,0.7,12.71,12,47,18
146.4063,-37.5038,2022,3,13,1.1,11.93,17,0,8
146.4332,-37.1406,2022,3,15,1.1,8.5,10,46,33
146.3731,-37.4954,2022,3,16,0.8,16.92,8,15,21
146.359,-37.4827,2022,3,17,1,10.07,21,19,7
146.4121,-37.5148,2022,3,17,0.9,9.51,22,53,58
146.4034,-37.5209,2022,3,20,1,14.54,12,50,19
146.3785,-37.6026,2022,3,20,0.5,10.9,16,40,55
146.425,-37.5179,2022,3,22,1.3,13.62,10,12,59
146.3216,-37.6047,2022,3,22,0.4,12.06,18,39,52
146.4397,-37.653,2022,3,23,0.5,10.84,16,55,20
146.4096,-37.5225,2022,3,24,1.1,13.01,1,57,41
146.331,-37.5979,2022,3,24,0.8,11.31,3,11,31
146.5098,-37.4215,2022,3,25,1.3,9.12,18,41,51
146.4031,-37.5198,2022,3,25,2,14.62,19,7,33
146.3861,-37.4697,2022,3,27,1,17.43,5,44,47
146.4027,-37.5107,2022,3,30,1.5,14.77,6,19,11
146.4047,-37.5185,2022,3,30,2.4,13.12,20,37,37
146.3864,-37.4895,2022,3,31,1.7,14.24,3,20,33
146.3976,-37.5018,2022,4,1,1.4,16.06,9,16,42
146.4089,-37.522,2022,4,2,1.6,11.63,2,29,28
146.4555,-37.5003,2022,4,2,1,14.24,13,49,35
146.5546,-37.3024,2022,4,2,1.2,19.56,20,57,55
146.4119,-37.5296,2022,4,4,1.2,12.42,19,50,41
146.4137,-37.5101,2022,4,4,1.6,11.12,21,52,21
146.4126,-37.4933,2022,4,5,0.7,14.53,10,25,26
146.4251,-37.5247,2022,4,5,0.2,8.95,11,9,18
146.3698,-37.5088,2022,4,8,1,12.02,8,26,34
146.4218,-37.5011,2022,4,8,0.4,9.42,13,19,59
145.958,-37.4327,2022,4,10,0.4,8.02,7,17,7
146.4065,-37.5302,2022,4,11,0.7,14.44,10,53,51
146.3518,-37.4823,2022,4,13,0.6,13.54,10,13,25
146.343,-37.5036,2022,4,13,0.7,13.16,10,44,53
146.341,-37.465,2022,4,13,0.5,9.87,13,30,18
146.409,-37.5139,2022,4,14,1.1,14.96,21,52,33
146.43,-37.5153,2022,4,15,1.1,17,13,13,0
146.4085,-37.5158,2022,4,16,0.9,15.24,11,19,19
146.3882,-37.4978,2022,4,17,1.1,13.97,23,53,8
146.3673,-37.47,2022,4,18,0.6,13.71,18,43,46
146.402,-37.5147,2022,4,21,0.8,13.07,11,3,30
146.4086,-37.5218,2022,4,21,1,15.76,15,16,47
146.417,-37.5186,2022,4,23,0.7,10.85,5,47,29
146.3843,-37.5072,2022,4,24,1.6,9.02,11,8,47
146.3637,-37.5316,2022,4,24,0.7,14.77,14,7,28
146.369,-37.6948,2022,4,24,1.1,10.49,22,3,26
146.3374,-37.4969,2022,4,25,0.7,18,7,16,25
146.4034,-37.5414,2022,4,25,1.3,9.84,17,40,57
146.3594,-37.5392,2022,4,27,0.4,16.7,15,56,56
146.4086,-37.5215,2022,4,29,1.1,14.54,3,27,51
146.3964,-37.5055,2022,4,30,1.3,14.03,19,22,5
146.3949,-37.5169,2022,5,1,1.4,16.37,4,36,38
146.4192,-37.5008,2022,5,1,1.6,12.59,23,45,57
146.4141,-37.487,2022,5,2,1.1,13.61,6,51,43
146.3784,-37.5371,2022,5,4,0.9,18.5,8,5,5
146.3072,-37.3777,2022,5,4,1.2,12.85,12,33,50
145.9312,-37.6609,2022,5,5,1,10.8,11,56,59
146.2743,-37.1333,2022,5,7,1.3,13.83,15,28,36
146.0238,-37.4773,2022,5,8,1,7.76,9,15,56
146.3973,-37.4661,2022,5,9,0.5,11.42,10,35,51
146.1557,-37.1126,2022,5,9,0.6,10,17,42,35
146.4055,-37.5068,2022,5,11,0.4,6.3,2,59,39
146.1151,-37.1444,2022,5,11,0.7,5,3,43,34
146.333,-37.552,2022,5,11,0.8,11.98,13,3,54
146.4097,-37.5293,2022,5,12,1.4,13.64,4,35,13
146.4005,-37.5225,2022,5,14,1.5,8.27,12,18,14
146.4119,-37.4991,2022,5,14,0.8,12.81,14,45,15
146.4005,-37.4829,2022,5,14,1.5,9.81,17,42,24
146.4044,-37.5135,2022,5,16,1.1,6.6,9,2,43
146.508,-37.8256,2022,5,18,0.7,10.84,10,2,16
146.3786,-37.5007,2022,5,18,0.6,11.22,16,11,30
146.3988,-37.497,2022,5,19,1.1,15.36,6,32,52
146.4022,-37.5318,2022,5,19,0.8,10.5,8,55,42
146.3935,-37.4304,2022,5,19,2.7,15.33,10,56,23
146.3949,-37.5322,2022,5,19,0.6,12.87,14,43,48
146.4247,-37.5142,2022,5,19,1.2,10.54,20,28,14
146.3915,-37.5231,2022,5,20,0.6,10.56,2,13,50
146.3972,-37.5142,2022,5,21,0.7,15.48,11,51,3
146.4008,-37.9405,2022,5,21,0.6,9.65,21,16,10
146.2463,-37.3921,2022,5,23,0.6,11.45,9,11,15
146.265,-37.4145,2022,5,23,0.5,12.09,17,59,31
146.2517,-37.3882,2022,5,23,0.6,10.98,17,59,53
146.2823,-37.4176,2022,5,23,1.3,15.07,18,1,35
146.2749,-37.4074,2022,5,23,1.4,11.75,18,1,41
146.2559,-37.4013,2022,5,23,0.3,10.24,19,53,37
146.425,-37.5017,2022,5,24,0.6,18.7,5,34,39
146.3784,-37.4169,2022,5,25,1,16.78,21,22,42
146.3642,-37.5294,2022,5,26,0.5,16.45,19,9,44
146.4102,-37.5179,2022,5,26,1.2,17.17,20,54,25
146.3737,-37.4657,2022,5,28,0.9,13.81,15,39,47
146.4188,-37.5256,2022,5,28,0.3,11.28,15,54,8
146.4612,-37.699,2022,5,28,0.6,13.02,16,43,24
146.4175,-37.4895,2022,6,1,1,5,20,11,13
146.3506,-37.5242,2022,6,5,0.5,10.71,20,49,20
146.3848,-37.4807,2022,6,6,0.6,10.31,12,58,8
146.4156,-37.4933,2022,6,7,1.3,12.61,9,49,12
146.4211,-37.5244,2022,6,7,1,15,17,10,5
145.9945,-37.2975,2022,6,10,1.3,4.45,6,12,51
146.2539,-37.4084,2022,6,11,0.3,5,2,37,18
146.2379,-37.3907,2022,6,11,0.2,5,2,37,24
146.2767,-37.3775,2022,6,11,1.2,13.01,2,37,29
146.2524,-37.3982,2022,6,11,0.7,6.84,2,38,3
146.2591,-37.3969,2022,6,11,0.6,11.84,2,38,58
146.2372,-37.4064,2022,6,11,0.6,10.63,2,39,34
146.3644,-37.4514,2022,6,11,0.7,15.77,8,24,56
146.3521,-37.5044,2022,6,11,1.2,13.87,13,26,29
146.3466,-37.5314,2022,6,11,0.4,11.03,17,35,28
146.3549,-37.5153,2022,6,13,0.6,11.29,10,52,54
146.3857,-37.4188,2022,6,16,1.1,10.5,16,37,21
146.3831,-37.5308,2022,6,16,0.4,12.31,22,37,12
146.3972,-37.5071,2022,6,18,0.9,13.21,7,53,35
146.3844,-37.5002,2022,6,18,1.8,17.48,13,52,33
146.3978,-37.483,2022,6,19,1.5,15.61,7,4,20
146.6613,-37.2512,2022,6,20,1.3,3.96,19,47,27
146.3343,-37.6754,2022,6,21,0.4,9.55,14,21,55
146.0571,-37.5821,2022,6,21,0.5,8.75,20,25,36
145.9787,-37.331,2022,6,22,0.7,8.2,9,41,28
146.387,-37.5029,2022,6,22,1.7,14,20,56,22
146.3952,-37.4925,2022,6,24,1.4,16.89,7,2,6
146.3586,-37.5546,2022,6,24,1.1,12.85,17,39,30
146.4042,-37.5274,2022,6,25,1.8,13.39,9,49,43
146.2698,-37.6103,2022,6,26,0.6,11.31,18,38,36
146.381,-37.4992,2022,6,30,0.9,11.13,9,52,57
146.4169,-37.5174,2022,6,30,1.2,11.4,14,26,41
146.7346,-37.4992,2022,7,1,1,12.95,6,41,26
146.402,-37.5224,2022,7,1,1.1,10.42,11,30,4
146.4304,-37.5229,2022,7,3,1.1,11.37,6,55,1
146.4212,-37.6113,2022,7,4,0.9,10.09,13,5,35
146.4266,-37.4668,2022,7,10,1.5,5,6,4,15
146.3419,-37.5554,2022,7,12,0.3,13.25,23,23,41
146.4063,-37.4878,2022,7,13,0.9,14.86,2,0,1
146.4235,-37.522,2022,7,13,1.5,11.64,4,1,43
146.4746,-37.6362,2022,7,17,2.4,13.92,22,5,12
146.4335,-37.4991,2022,7,18,1.2,9.34,14,16,39
146.4156,-37.4859,2022,7,21,1.3,13.71,8,35,16
146.6211,-37.23,2022,7,21,1.2,13.37,23,42,41
146.3825,-37.5085,2022,7,22,1.1,12.62,2,50,9
146.3871,-37.4777,2022,7,24,1.1,9.72,23,34,45
146.4046,-37.5004,2022,7,26,1.6,11.14,3,14,35
146.4424,-37.4999,2022,7,27,0.7,14.71,14,10,49
146.3973,-37.5233,2022,7,27,0.6,12.83,15,26,37
146.3911,-37.4198,2022,7,28,0.4,10.58,1,5,31
146.4052,-37.4891,2022,7,28,1.1,15.22,7,17,3
146.3968,-37.4677,2022,7,30,1.1,12.95,0,5,11
146.4119,-37.498,2022,7,30,0.8,11.97,10,11,27
146.224,-37.5834,2022,7,30,1,13.94,13,19,36
146.1276,-37.1367,2022,7,31,1.6,12.09,10,28,26
146.3882,-37.468,2022,8,5,1.3,9.78,1,39,17
146.3381,-37.4364,2022,8,10,1,12.69,16,38,19
146.0786,-37.4417,2022,8,11,0.5,16.49,21,33,10
146.4187,-37.5204,2022,8,12,1,11.72,22,14,10
146.3896,-37.4985,2022,8,13,1.3,16.28,16,28,38
146.0362,-37.5088,2022,8,13,1.7,11.24,19,34,41
146.2894,-37.7229,2022,8,14,0.9,10.37,1,42,18
146.4323,-37.6882,2022,8,14,1.6,16.88,11,53,46
146.3664,-37.5022,2022,8,17,1.3,6.19,5,28,39
146.3755,-37.5056,2022,8,18,1.4,8.94,6,27,45
146.3396,-37.5956,2022,8,19,0.5,7.96,5,22,46
146.1746,-37.8766,2022,8,23,1.7,10.17,14,28,3
146.353,-37.2813,2022,9,2,1.5,3.77,23,19,18
146.3808,-37.4269,2022,9,3,1.3,11.75,10,10,54
146.3981,-37.5606,2022,9,4,0.8,9.51,1,17,2
146.3979,-37.5175,2022,9,4,1.3,11.26,2,49,58
146.421,-37.5133,2022,9,4,0.7,12.88,14,20,8
146.3897,-37.5317,2022,9,6,1.2,11.6,4,45,21
146.3538,-37.7183,2022,9,7,0.5,13.57,14,59,37
146.8634,-37.4002,2022,9,11,1.1,10.67,15,21,1
146.3855,-37.5003,2022,9,12,1.4,11.24,4,23,59
146.4824,-37.727,2022,9,13,0.9,11.45,2,5,56
146.3603,-37.4848,2022,9,14,1.6,9.58,20,55,13
146.4259,-37.4723,2022,9,16,1.2,12.96,14,20,45
146.7559,-37.6055,2022,9,17,2.5,11.09,13,20,41
146.3965,-37.5145,2022,9,21,1.7,10.25,23,15,34
146.3912,-37.5101,2022,9,24,1,15.8,13,4,0
146.372,-37.5197,2022,9,25,0.6,9.34,8,30,6
146.382,-37.5263,2022,9,28,1.1,9.82,13,55,46
146.3045,-37.3068,2022,9,30,1.3,16.93,5,56,37
146.2005,-37.8006,2022,10,9,1,14.54,6,41,53
146.1421,-37.4614,2022,10,9,0.4,6.4,15,36,42
146.3236,-37.4767,2022,10,10,0.6,3,11,46,5
146.4074,-37.5108,2022,10,11,1.1,18.21,5,38,24
146.3871,-37.5145,2022,10,12,1,15.65,0,7,11
146.3991,-37.5169,2022,10,13,1.7,11.01,17,29,5
146.3951,-37.5129,2022,10,16,1.4,13.78,5,29,42
146.4095,-37.5367,2022,10,16,1.3,12.33,9,13,2
146.3899,-37.6347,2022,10,17,0.9,12.76,11,27,40
146.3614,-37.5043,2022,10,18,0.3,8.2,9,32,43
146.3857,-37.467,2022,10,19,0.4,4.35,4,47,1
146.3809,-37.5213,2022,10,19,0.3,11.31,13,50,56
146.3757,-37.5051,2022,10,25,0.8,9.02,9,2,2
146.4081,-37.4569,2022,10,28,1.3,10.1,21,8,33
146.4139,-37.4829,2022,10,28,1,10.53,23,11,53
146.3911,-37.6294,2022,10,29,2.9,10.97,6,47,15
146.4201,-37.5243,2022,10,29,1.8,11.44,9,46,22
146.387,-37.5034,2022,10,29,0.4,14.59,23,15,25
146.5125,-37.886,2022,10,30,1.3,15.72,17,17,43
146.245,-37.2652,2022,11,1,0.4,9.76,2,20,7
146.4007,-37.6104,2022,11,1,0.8,10,19,17,35
146.4033,-37.5334,2022,11,4,1,13.73,11,24,11
146.3641,-37.5025,2022,11,6,0.6,10.48,0,39,51
146.4029,-37.5283,2022,11,6,1.3,13.14,5,10,53
146.4086,-37.6277,2022,11,6,0.9,10.95,15,36,14
146.4016,-37.511,2022,11,8,0.8,12.36,8,5,48
146.3914,-37.5286,2022,11,9,0.7,11.63,3,48,33
146.406,-37.5291,2022,11,9,1,13.39,3,48,42
146.4008,-37.8183,2022,11,12,1,10.96,18,19,14
146.4879,-37.5762,2022,11,13,1,17.17,6,45,5
146.3785,-37.5003,2022,11,13,0.9,12.86,11,28,48
146.3652,-37.5054,2022,11,19,0.9,10.55,13,21,45
146.7314,-37.8158,2022,11,23,1.1,11.68,13,7,9
146.3772,-37.5192,2022,11,26,0.6,11.14,19,19,53
146.1224,-37.5415,2022,11,30,0.9,8,11,46,56
146.1368,-37.5505,2022,11,30,0.6,11,11,48,24
146.3969,-37.5136,2022,12,1,0.8,13.26,5,39,21
146.3417,-37.5148,2022,12,2,0.5,7.35,21,32,12
146.3736,-37.8363,2022,12,3,0.8,13.51,19,51,18
146.4802,-37.8301,2022,12,8,1.1,15.09,1,29,23
146.4173,-37.5405,2022,12,8,1.3,15.97,7,20,43
146.3442,-37.4901,2022,12,10,1,6.49,4,23,57
146.3815,-37.2941,2022,12,10,1.1,11.58,22,15,6
146.3604,-37.4582,2022,12,18,2.1,10.01,15,7,50
146.3908,-37.5045,2022,12,19,3.4,16.31,21,19,39
146.3613,-37.5283,2022,12,20,0.8,11.39,2,19,4
146.4851,-37.9491,2022,12,20,1,18,8,30,40
146.3929,-37.5266,2022,12,20,0.4,12.19,10,14,9
146.3812,-37.5186,2022,12,20,1.1,11.09,13,26,53
146.4006,-37.5052,2023,1,2,1,17.18,10,53,27
146.4077,-37.5587,2023,1,3,1.5,7.96,9,52,35
146.3462,-37.4997,2023,1,3,0.5,6.89,18,32,9
146.4596,-37.5004,2023,1,3,1.3,15.97,20,39,35
146.336,-37.6554,2023,1,4,0.8,10.24,13,19,4
146.3914,-37.4997,2023,1,4,1.3,9.7,16,9,16
146.3867,-37.5191,2023,1,6,1.5,11.4,0,53,50
146.3824,-37.512,2023,1,6,0.8,6.72,10,38,9
146.3784,-37.1439,2023,1,7,1.2,10.43,1,45,47
146.3346,-37.4882,2023,1,7,0.4,8,11,43,57
146.3756,-37.5108,2023,1,7,1.2,6.65,16,18,57
146.3024,-37.422,2023,1,8,0.4,12.17,9,18,22
146.29,-37.4245,2023,1,8,0.1,12.18,9,23,37
145.9555,-37.7485,2023,1,9,1.1,10.27,4,41,33
146.5564,-37.9392,2023,1,9,1,9.87,7,5,24
146.3608,-37.5206,2023,1,9,0.6,3.79,11,40,53
146.3941,-37.4989,2023,1,10,1.8,15.25,2,9,51
146.4025,-37.5062,2023,1,10,1.3,15.11,14,34,20
146.4422,-37.518,2023,1,12,1,9.8,17,14,30
146.4596,-37.5217,2023,1,17,1,4.86,1,9,15
146.4065,-37.5134,2023,1,21,1.4,12.58,22,59,13
146.4048,-37.5135,2023,1,22,1,14.28,9,45,6
146.7696,-37.6133,2023,1,22,1.2,10.62,14,37,16
146.1515,-37.1197,2023,1,27,1.3,14.68,21,21,39
146.3708,-37.5358,2023,1,29,0.8,11.02,0,22,42
146.4049,-37.5163,2023,1,29,1.1,12.34,12,39,19
146.3699,-37.498,2023,1,30,1.1,10.82,0,33,46
146.3641,-37.5177,2023,1,31,0.2,10.33,16,57,34
146.8498,-37.3066,2023,2,1,1.2,11.85,20,18,44
146.3644,-37.4972,2023,2,3,1.2,9.64,21,7,28
146.0962,-37.4878,2023,2,5,0.9,11.48,19,4,42
146.4029,-37.5217,2023,2,5,1.2,15.06,21,24,32
146.4007,-37.5157,2023,2,7,1,10.05,12,15,50
146.3987,-37.599,2023,2,12,0.5,5,4,41,28
146.0749,-37.3855,2023,2,12,1.2,8.81,15,2,46
146.4269,-37.5213,2023,2,13,0.8,14.07,20,22,10
146.4133,-37.5238,2023,2,17,1,12.47,13,11,13
146.386,-37.5455,2023,2,18,0.6,8.65,19,55,36
146.4389,-37.1205,2023,2,22,1.4,15.61,21,45,57
146.3745,-37.5118,2023,2,23,1.3,11.14,23,45,31
146.3829,-37.7301,2023,2,25,0.5,8.13,12,33,42
146.0994,-37.4252,2023,2,26,1.5,11.81,4,43,32
146.1862,-37.6366,2023,3,4,1.2,8.31,3,10,33
146.4075,-37.5281,2023,3,5,1.8,21.04,11,15,3
146.3849,-37.5186,2023,3,10,1.4,12.46,2,32,24
146.4155,-37.5323,2023,3,10,1.1,14.46,12,44,4
146.4116,-37.5112,2023,3,11,2.1,15.39,16,3,18
146.1224,-37.6723,2023,3,23,0.4,10,2,17,43
146.3492,-37.468,2023,3,23,0.7,10.44,3,45,25
146.7544,-37.6449,2023,3,23,0.9,9.69,22,18,7
146.4251,-37.4883,2023,3,26,0.8,15,22,13,49
146.4073,-37.5059,2023,3,28,0.9,11.41,6,10,5
146.407,-37.5417,2023,3,28,1,9.87,12,37,44
146.4877,-37.7779,2023,3,30,1.2,12.85,18,29,20
146.4041,-37.5311,2023,4,5,0.8,13.63,0,12,16
146.366,-37.4785,2023,4,7,1.3,9.06,9,59,48
146.1218,-37.6603,2023,4,9,1.1,8.9,21,10,31
146.3953,-37.5088,2023,4,11,1.6,13.63,0,34,58
146.3674,-37.5142,2023,4,11,1.3,10.29,3,55,18
146.4165,-37.503,2023,4,12,0.7,11.79,3,16,53
146.3801,-37.4927,2023,4,13,2.1,8.88,3,15,24
146.3684,-37.5265,2023,4,15,1,9.26,0,8,47
146.3618,-37.533,2023,4,15,1.6,12.09,10,16,35
146.2193,-37.6965,2023,4,19,1.4,11.42,11,15,33
146.395,-37.517,2023,4,19,0.3,11.89,16,19,35
146.4688,-37.5871,2023,4,20,0.2,11.13,13,23,17
146.4545,-37.5115,2023,4,26,1.2,12.3,5,33,23
146.2255,-37.2308,2023,4,26,1.2,10.88,13,52,59
146.3601,-37.4926,2023,4,28,0.7,9.64,4,47,52
146.3636,-37.4906,2023,4,28,0.4,6.33,20,42,17
146.3645,-37.4823,2023,4,29,1.1,6.67,11,51,22
146.3582,-37.4773,2023,5,1,1,10,23,51,43
146.355,-37.4823,2023,5,3,1.1,11.55,13,34,32
146.366,-37.5145,2023,5,3,1.4,9.71,21,26,1
146.3866,-37.4843,2023,5,6,1.1,9.81,12,19,36
146.2915,-37.4817,2023,5,12,0.1,7.12,15,29,7
146.3545,-37.5038,2023,5,13,0.3,7.03,5,36,3
146.3692,-37.4887,2023,5,17,0.4,10.02,14,8,7
146.3818,-37.4969,2023,5,17,0.5,12.44,18,6,11
146.3858,-37.4709,2023,5,17,0.2,2.58,18,42,6
146.3967,-37.5007,2023,5,17,1.8,4.42,23,50,32
146.4976,-37.9319,2023,5,18,0.9,17.5,5,9,42
146.3688,-37.5116,2023,5,19,0.9,8.24,14,19,6
146.3729,-37.5009,2023,5,20,1.6,9.72,12,29,3
146.4054,-37.5204,2023,5,20,1.7,7.16,12,43,46
146.3647,-37.5028,2023,5,23,0.9,10.14,9,13,38
146.4032,-37.5187,2023,6,1,0.7,11.04,18,31,13
146.347,-37.5196,2023,6,1,0.2,10.58,18,42,4
146.4683,-37.7005,2023,6,4,1.1,10.93,11,6,25
146.401,-37.515,2023,6,9,1.1,10.11,10,22,23
146.4045,-37.4787,2023,6,14,1.3,3.76,14,3,19
146.4021,-37.5616,2023,6,19,0.8,10.72,2,43,54
146.3541,-37.4977,2023,6,21,1.2,5.52,23,38,35
146.4033,-37.4839,2023,6,22,1.7,10,12,48,47
146.3684,-37.9102,2023,6,27,1,15.14,14,40,58
146.3433,-37.5054,2023,6,29,4.7,10.02,15,32,43
146.3444,-37.5009,2023,6,29,1.6,7.58,16,45,37
146.4015,-37.5529,2023,7,1,1.2,5,23,14,57
146.3957,-37.4873,2023,7,2,1.3,7.99,12,6,8
146.0781,-37.3765,2023,7,4,1.8,10.69,2,5,59
146.372,-37.4778,2023,7,8,2,6.88,22,51,11
146.3278,-37.4852,2023,7,12,1.1,9.11,11,4,24
146.4303,-37.4558,2023,7,13,0.8,10,7,38,45
146.4116,-37.4685,2023,7,15,0.9,6.99,14,33,9
146.3201,-37.5208,2023,7,20,1,8.8,12,11,0
146.4074,-37.5277,2023,7,23,1.5,10.4,20,49,36
146.3973,-37.5628,2023,7,24,0.6,10.63,6,54,2
146.3717,-37.4777,2023,7,26,1.9,7.55,19,35,55
146.2554,-37.268,2023,7,28,1.7,14.3,2,59,43
146.3989,-37.5028,2023,8,2,1.6,3.62,19,35,16
146.3852,-37.5203,2023,8,7,0.6,13.22,6,20,39
146.4387,-37.5208,2023,8,8,1.1,16.94,11,9,10
146.4073,-37.4605,2023,8,11,1.1,8.61,9,57,26
146.3934,-37.501,2023,8,14,1.9,16.65,2,59,32
146.4114,-37.5026,2023,8,14,0.6,14.96,6,16,21
146.4063,-37.497,2023,8,20,1.6,13.19,20,59,47
146.363,-37.5023,2023,8,21,1.2,10.85,2,49,45
146.4154,-37.4745,2023,8,22,0.8,11.19,1,7,48
146.379,-37.5062,2023,8,22,3,9.24,4,54,24
146.3818,-37.8689,2023,8,22,1.2,12.72,11,58,4
146.4179,-37.5617,2023,8,22,0.8,11.6,18,34,11
146.4225,-37.5237,2023,8,23,1,10.95,4,31,49
146.4209,-37.5056,2023,8,24,1.1,15.44,1,3,36
146.5866,-37.7077,2023,8,25,0.7,11.92,16,26,7
146.414,-37.5334,2023,8,30,1.5,12.84,5,48,6
146.4306,-37.5322,2023,9,1,1,12.73,14,39,4
146.3927,-37.507,2023,9,2,0.6,11.32,8,14,3
146.3795,-37.5068,2023,9,5,1.1,12.67,5,18,23
146.3663,-37.4748,2023,9,9,0.9,8.85,15,33,37
146.5007,-37.8839,2023,9,10,2.3,14.8,14,11,26
146.3952,-37.5176,2023,9,12,1,12.5,22,53,21
146.4098,-37.507,2023,9,17,1.8,11.06,7,9,13
146.4018,-37.5621,2023,9,17,2.3,9.46,16,52,36
146.7271,-37.4936,2023,9,18,1.6,11.31,0,32,56
146.3831,-37.3186,2023,9,18,2.2,11.37,18,12,11
146.374,-37.4841,2023,9,20,1.6,8.66,4,55,33
146.3847,-37.3193,2023,9,25,2.1,11.56,3,35,44
146.3875,-37.4864,2023,9,28,0.2,8.99,6,30,47
146.3708,-37.3241,2023,9,28,0.4,3.67,8,32,53
146.5192,-37.7869,2023,10,1,0.8,15.45,11,18,35
146.3511,-37.5041,2023,10,8,0.9,7.83,11,12,38
146.138,-37.4639,2023,10,9,1.3,11.64,0,51,11
146.4829,-37.7252,2023,10,9,0.7,16.01,13,3,20
146.3859,-37.4553,2023,10,9,0.7,12.06,14,39,27
146.3967,-37.4592,2023,10,10,0.4,9.05,17,27,56
146.3862,-37.5282,2023,10,10,0.7,13.61,19,17,53
146.3497,-37.4821,2023,10,16,1.1,10.47,23,51,55
146.3622,-37.5102,2023,10,18,0.5,11.34,11,58,47
146.3239,-37.5069,2023,10,27,0.8,9.83,12,29,26
146.3716,-37.5674,2023,10,28,0.8,8,19,42,0
146.6186,-37.391,2023,11,1,0.6,11.2,18,54,39
146.3728,-37.4959,2023,11,4,1.2,12.64,23,34,56
146.3856,-37.5,2023,11,5,0.7,11.21,2,19,28
146.3613,-37.4923,2023,11,7,1.3,9.7,0,1,20
146.3759,-37.5131,2023,11,8,0.9,10.33,18,45,9
146.4995,-37.7403,2023,11,9,0.7,12.29,7,17,13
146.3998,-37.5647,2023,11,13,0.7,10.76,4,19,40
146.3646,-37.4986,2023,11,15,1,15.37,5,35,0
146.3266,-37.4184,2023,11,15,0.6,10.45,15,24,33
146.3296,-37.5008,2023,11,17,0.6,5,13,16,16
146.3225,-37.5196,2023,11,19,0.3,8.3,10,14,55
146.3899,-37.5069,2023,11,19,2.1,12.66,10,42,55
146.4224,-37.6002,2023,11,22,1,10.6,19,54,22
146.3992,-37.5222,2023,11,23,1,13.75,21,59,35
146.3907,-37.5072,2023,11,29,1.5,14.15,14,58,3
146.1623,-37.7267,2023,12,5,0.8,10.46,7,35,16
146.1575,-37.7344,2023,12,5,1,10.6,7,39,2
146.358,-37.485,2023,12,11,0.9,8.59,7,54,48
146.3416,-37.5199,2023,12,11,0.6,11.06,20,25,28
146.3702,-37.4988,2023,12,11,1.7,5.97,22,13,10
146.3828,-37.487,2023,12,12,0.5,11.7,12,24,42
146.4038,-37.4987,2023,12,14,0.9,8.04,3,7,34
146.3882,-37.5623,2023,12,16,0.9,8.47,17,20,41
146.2012,-37.5644,2023,12,19,2.3,12.49,6,14,27
146.3658,-37.4868,2023,12,19,0.7,8.52,20,20,33
146.3558,-37.498,2023,12,29,1.3,6.08,0,26,28
146.1878,-37.1093,2024,1,2,1.1,10.35,16,12,57
146.4516,-37.8226,2024,1,4,1.5,14,4,31,50
146.3945,-37.4597,2024,1,7,1.5,9.56,20,37,4
146.3463,-37.521,2024,1,12,2.6,13.26,0,43,44
146.4077,-37.6183,2024,1,12,0.8,9.81,10,57,30
146.2232,-37.5634,2024,1,14,1.4,9.66,3,29,9
146.4099,-37.6182,2024,1,14,3,9.76,15,4,32
146.4091,-37.6183,2024,1,14,0.8,10.29,15,9,12
146.4114,-37.6126,2024,1,14,0.6,8.79,15,17,39
146.1549,-37.5281,2024,1,14,0.9,5,21,16,10
146.4132,-37.6206,2024,1,15,2.4,9.56,16,56,44
146.4238,-37.6133,2024,1,15,2.6,9.53,16,56,57
146.4063,-37.6291,2024,1,16,1.2,13.05,7,15,50
146.4168,-37.6271,2024,1,16,0.7,9.02,7,56,7
146.3671,-37.4995,2024,1,17,1.5,8,6,53,47
146.271,-37.0921,2024,1,25,1.3,9.94,11,0,11
146.3987,-37.4961,2024,1,25,1.2,5,16,48,0
146.3934,-37.6188,2024,1,25,0.9,9.66,18,27,35
146.5797,-37.3005,2024,1,31,1.1,9.13,8,25,29
146.3677,-37.5,2024,2,4,1.4,5,5,13,53
146.3689,-37.5049,2024,2,8,1.1,10.02,16,42,25
146.413,-37.6183,2024,2,14,1,8.71,11,3,7
146.4374,-37.7413,2024,2,14,1,13.16,12,17,52
146.4164,-37.7675,2024,2,14,1.4,13.21,12,19,39
146.3275,-37.5044,2024,2,16,0.8,5.29,9,48,52
146.6367,-37.739,2024,2,17,1.4,18.06,8,44,13
146.2282,-37.2794,2024,2,20,1.2,9.94,13,46,38
146.1138,-37.4769,2024,2,20,0.6,11.49,20,15,28
146.4085,-37.6542,2024,2,20,0.8,11.44,22,54,4
146.3514,-37.4858,2024,2,26,1.2,10.76,20,48,18
146.3314,-37.4698,2024,3,11,1.1,4.07,12,25,44
146.2771,-37.5491,2024,3,17,1.3,5.95,1,16,39
146.7985,-37.4234,2024,3,17,2.1,11.6,20,3,49
146.3806,-37.5093,2024,3,20,3.2,10.1,10,7,43
146.4015,-37.5062,2024,3,21,1.1,5,22,3,45
146.3809,-37.5051,2024,3,22,1.3,4.13,15,56,47
146.0301,-37.3337,2024,3,29,0.6,3.63,2,23,45
146.3611,-37.6247,2024,3,30,0.8,10.14,19,9,36
146.3595,-37.4761,2024,3,31,1.3,8.81,1,50,13
146.3786,-37.5116,2024,4,1,1,9.23,9,5,56
146.3904,-37.5052,2024,4,2,1.5,9.12,16,20,17
146.3716,-37.5025,2024,4,4,1.1,8.06,2,14,1
146.3894,-37.5139,2024,4,6,1.5,12.02,20,0,42
146.3728,-37.5056,2024,4,9,1.2,9.47,16,11,25
146.6886,-37.2441,2024,4,14,2.9,12.89,22,0,33
146.6814,-37.2404,2024,4,14,1.6,9.36,22,30,11
146.6823,-37.2346,2024,4,14,1.5,10.54,22,56,11
146.4057,-37.4697,2024,4,15,1.4,13.72,8,36,36
146.3876,-37.5017,2024,4,17,1.6,4.08,13,1,46
146.3684,-37.4937,2024,4,18,1.3,4.12,18,8,22
145.9066,-37.6589,2024,4,21,0.7,8.96,11,14,37
146.3957,-37.4811,2024,4,23,0.9,15,7,15,44
146.3778,-37.4652,2024,4,26,1.3,6.84,1,19,0
146.3788,-37.5016,2024,4,27,1.3,5,4,13,39
146.408,-37.513,2024,5,3,1.4,9.61,22,12,1
146.3832,-37.5045,2024,5,5,1.3,5,10,45,43
146.3622,-37.4681,2024,5,6,1.4,8.03,22,41,8
146.3274,-37.4915,2024,5,7,0.8,2.94,2,45,47
146.4095,-37.4939,2024,5,7,1.3,4.83,3,38,30
146.7023,-37.4989,2024,5,8,3.1,13.97,6,45,40
146.6982,-37.5191,2024,5,8,1.8,13.1,6,46,55
146.7133,-37.4847,2024,5,8,1.3,11.31,6,58,0
146.3903,-37.504,2024,5,8,1.2,14.77,9,15,14
146.7071,-37.5011,2024,5,9,1.6,11.57,4,42,29
146.7359,-37.49,2024,5,10,1,10.08,12,33,34
146.3745,-37.502,2024,5,17,1.4,5.62,2,25,1
146.37,-37.4626,2024,5,21,1.3,6.97,20,55,5
146.3694,-37.4983,2024,5,23,1.4,7.94,1,24,43
146.3736,-37.4681,2024,5,26,0.9,5,12,52,15
146.5234,-37.3576,2024,5,26,1.4,8.43,22,39,15
146.7193,-37.4942,2024,5,28,1,4.04,15,21,4
146.4029,-37.5128,2024,6,1,1.1,9.46,10,58,29
146.3871,-37.5135,2024,6,8,2.7,13.33,13,26,53
146.3607,-37.4606,2024,6,9,2.3,10.35,19,28,57
146.3653,-37.486,2024,6,11,1.5,9.67,8,45,41
146.4734,-37.7386,2024,6,13,1.2,13.62,23,11,20
146.3687,-37.4692,2024,6,17,1.2,4.69,9,54,2
146.104,-37.4208,2024,6,19,1.4,10.7,0,7,13
146.0686,-37.387,2024,6,22,2,5.7,7,35,20
146.4237,-37.7905,2024,6,28,1.2,11.95,15,10,15
146.3715,-37.4841,2024,7,1,1.2,9.8,3,21,17
146.2515,-37.2629,2024,7,2,1.4,3.87,23,27,32
146.7425,-37.7745,2024,7,8,0.9,9.69,0,52,23
146.773,-37.7713,2024,7,11,0.5,8.97,21,42,19
146.4296,-37.5991,2024,7,12,0.8,3.68,12,46,57
146.2059,-37.1044,2024,7,12,1.8,13.02,21,29,17
146.385,-37.5105,2024,7,16,1.3,9.55,1,1,3
146.4425,-37.5981,2024,7,17,1.3,8,10,12,4
146.422,-37.5928,2024,7,18,1.5,5.19,3,3,27
146.458,-37.6933,2024,7,18,1.2,11.24,22,57,25
146.4273,-37.6004,2024,7,19,1.3,9.48,18,29,10
146.5042,-37.6897,2024,7,21,0.9,11.8,4,22,10
146.3967,-37.4948,2024,7,21,1.6,9.31,21,22,44
146.402,-37.4965,2024,8,6,4.2,14.38,17,48,43
